VendorID,pickup,dropoff,passenger_count,trip_distance,fare_amount,tip_amount
id1,2022-01-01T00:04:14.000000,2022-01-01T00:26:12.000000,1.0,10.83,31.0,0.0
id2,2022-01-01T00:32:17.000000,2022-01-01T00:49:23.000000,1.0,3.97,14.5,3.66
id8,2022-01-01T00:40:58.000000,2022-01-01T01:00:59.000000,4.0,8.44,25.5,0.0
id0,2022-01-01T00:55:13.000000,2022-01-01T01:25:49.000000,1.0,12.61,37.5,12.39
id1,2022-01-01T00:55:24.000000,2022-01-01T01:00:45.000000,1.0,1.49,6.5,0.0
id3,2022-01-01T01:09:34.000000,2022-01-01T01:13:46.000000,1.0,1.22,5.5,1.86
id4,2022-01-01T01:39:02.000000,2022-01-01T01:51:58.000000,2.0,3.2,12.0,3.16
id6,2022-01-01T01:40:03.000000,2022-01-01T01:48:18.000000,1.0,1.32,7.5,2.26
id1,2022-01-01T02:02:58.000000,2022-01-01T02:30:16.000000,2.0,9.8,30.5,8.0
id3,2022-01-01T02:17:53.000000,2022-01-01T02:27:48.000000,1.0,1.59,8.5,1.0
id1,2022-01-01T02:31:41.000000,2022-01-01T02:45:31.000000,0.0,2.7,12.0,3.15
id3,2022-01-01T02:35:45.000000,2022-01-01T02:41:10.000000,5.0,1.32,6.0,1.96
id7,2022-01-01T03:03:06.000000,2022-01-01T03:09:02.000000,1.0,1.64,7.0,2.16
id1,2022-01-01T03:04:44.000000,2022-01-01T03:20:43.000000,1.0,5.01,16.0,3.96
id5,2022-01-01T03:11:14.000000,2022-01-01T03:20:45.000000,1.0,1.86,9.0,2.56
id8,2022-01-01T03:25:00.000000,2022-01-01T03:41:07.000000,2.0,3.78,14.5,3.66
id0,2022-01-01T03:29:36.000000,2022-01-01T03:36:46.000000,1.0,2.44,9.5,2.66
id7,2022-01-01T03:34:38.000000,2022-01-01T03:38:45.000000,3.0,0.83,5.0,0.0
id6,2022-01-01T04:01:12.000000,2022-01-01T04:22:56.000000,2.0,4.3,17.5,6.35
id4,2022-01-01T04:09:16.000000,2022-01-01T04:12:29.000000,1.0,0.51,4.5,0.0
id3,2022-01-01T04:20:29.000000,2022-01-01T04:42:44.000000,1.0,5.71,20.0,4.76
id8,2022-01-01T04:37:41.000000,2022-01-01T04:47:14.000000,1.0,2.3,10.0,0.0
id3,2022-01-01T05:42:21.000000,2022-01-01T05:42:28.000000,2.0,0.0,25.0,5.06
id1,2022-01-01T06:42:07.000000,2022-01-01T07:10:38.000000,1.0,13.9,39.5,1.0
id1,2022-01-01T07:11:20.000000,2022-01-01T07:25:58.000000,1.0,9.6,26.5,0.0
id8,2022-01-01T07:43:39.000000,2022-01-01T07:44:55.000000,2.0,0.5,3.5,0.0
id8,2022-01-01T10:29:20.000000,2022-01-01T10:38:22.000000,1.0,1.62,8.0,2.0
id5,2022-01-01T11:40:33.000000,2022-01-01T11:46:29.000000,1.0,0.92,5.5,1.76
id7,2022-01-01T11:43:03.000000,2022-01-01T11:53:28.000000,3.0,1.74,8.5,2.95
id1,2022-01-01T11:44:23.000000,2022-01-01T11:52:10.000000,1.0,1.49,7.5,2.7
id7,2022-01-01T11:56:52.000000,2022-01-01T12:03:05.000000,1.0,2.7,9.0,0.0
id1,2022-01-01T12:00:14.000000,2022-01-01T12:16:22.000000,1.0,2.56,12.5,3.16
id5,2022-01-01T12:00:25.000000,2022-01-01T12:03:05.000000,2.0,0.42,4.0,1.46
id1,2022-01-01T12:16:44.000000,2022-01-01T12:25:22.000000,2.0,2.16,9.0,2.46
id4,2022-01-01T12:27:27.000000,2022-01-01T12:41:28.000000,1.0,8.9,25.0,0.0
id0,2022-01-01T13:44:05.000000,2022-01-01T13:54:59.000000,2.0,2.2,9.5,2.56
id8,2022-01-01T13:51:45.000000,2022-01-01T14:02:15.000000,1.0,1.94,9.5,0.0
id2,2022-01-01T14:22:45.000000,2022-01-01T14:32:36.000000,5.0,1.27,8.5,3.54
id2,2022-01-01T14:26:39.000000,2022-01-01T14:31:28.000000,1.0,0.92,5.5,2.2
id2,2022-01-01T14:53:43.000000,2022-01-01T15:21:39.000000,1.0,19.6,52.0,12.6
id6,2022-01-01T15:33:00.000000,2022-01-01T16:02:29.000000,2.0,16.97,52.0,0.0
id1,2022-01-01T15:33:36.000000,2022-01-01T15:55:27.000000,1.0,4.46,17.5,4.16
id3,2022-01-01T16:01:30.000000,2022-01-01T16:08:57.000000,2.0,1.6,7.5,2.15
id1,2022-01-01T16:31:57.000000,2022-01-01T16:35:33.000000,1.0,1.0,5.0,1.65
id0,2022-01-01T16:33:20.000000,2022-01-01T17:02:42.000000,3.0,17.61,52.0,12.37
id2,2022-01-01T17:17:48.000000,2022-01-01T17:23:44.000000,2.0,0.7,5.5,1.76
id6,2022-01-01T17:29:45.000000,2022-01-01T17:47:29.000000,1.0,4.97,17.5,0.0
id4,2022-01-01T17:37:49.000000,2022-01-01T17:44:00.000000,1.0,1.0,5.5,3.0
id4,2022-01-01T17:42:09.000000,2022-01-01T17:47:05.000000,1.0,2.0,8.0,1.13
id6,2022-01-01T17:44:02.000000,2022-01-01T17:48:47.000000,1.0,1.0,5.5,1.75
id3,2022-01-01T17:44:13.000000,2022-01-01T18:27:01.000000,1.0,17.91,53.0,10.0
id2,2022-01-01T17:47:56.000000,2022-01-01T18:05:34.000000,1.0,6.01,19.5,5.7
id1,2022-01-01T18:12:19.000000,2022-01-01T18:38:28.000000,1.0,5.06,20.0,20.0
id7,2022-01-01T18:25:53.000000,2022-01-01T18:34:53.000000,3.0,1.8,8.5,2.35
id7,2022-01-01T18:37:29.000000,2022-01-01T18:50:29.000000,2.0,1.1,9.5,1.92
id3,2022-01-01T19:37:22.000000,2022-01-01T19:37:29.000000,1.0,0.01,2.5,0.0
id1,2022-01-01T20:00:26.000000,2022-01-01T20:05:49.000000,1.0,1.1,6.0,1.96
id1,2022-01-01T20:20:27.000000,2022-01-01T20:23:54.000000,2.0,0.76,4.5,0.0
id8,2022-01-01T20:58:56.000000,2022-01-01T21:05:23.000000,1.0,1.11,6.5,2.06
id7,2022-01-01T21:21:38.000000,2022-01-01T21:24:21.000000,2.0,0.4,4.0,1.55
id6,2022-01-01T21:36:05.000000,2022-01-01T21:44:09.000000,2.0,0.8,7.0,2.15
id4,2022-01-01T21:51:23.000000,2022-01-01T21:59:22.000000,1.0,1.41,7.5,2.82
id6,2022-01-01T22:18:41.000000,2022-01-01T22:39:40.000000,1.0,6.86,22.5,7.89
id5,2022-01-01T22:19:54.000000,2022-01-01T22:25:53.000000,1.0,1.18,6.5,0.0
id5,2022-01-01T22:21:22.000000,2022-01-01T22:29:58.000000,1.0,1.68,8.0,0.0
id8,2022-01-01T22:25:08.000000,2022-01-01T22:40:38.000000,1.0,3.49,13.5,0.0
id6,2022-01-01T23:42:30.000000,2022-01-02T00:10:53.000000,2.0,6.7,24.5,2.0
id4,2022-01-01T23:59:02.000000,2022-01-02T00:24:05.000000,3.0,8.28,26.5,9.21
id8,2022-01-02T00:22:00.000000,2022-01-02T00:31:57.000000,1.0,2.31,9.5,0.0
id7,2022-01-02T00:24:18.000000,2022-01-02T00:32:44.000000,2.0,2.54,9.0,1.0
id7,2022-01-02T00:48:12.000000,2022-01-02T00:57:40.000000,1.0,1.85,8.5,3.08
id6,2022-01-02T00:55:30.000000,2022-01-02T01:06:51.000000,2.0,2.07,9.5,2.66
id3,2022-01-02T02:02:10.000000,2022-01-02T02:32:02.000000,1.0,11.61,34.5,5.0
id5,2022-01-02T03:05:56.000000,2022-01-02T03:16:31.000000,1.0,2.61,10.0,4.14
id2,2022-01-02T03:37:35.000000,2022-01-02T03:42:58.000000,2.0,1.9,7.5,0.0
id0,2022-01-02T04:50:09.000000,2022-01-02T05:13:03.000000,3.0,10.78,32.0,0.0
id6,2022-01-02T06:56:40.000000,2022-01-02T07:19:16.000000,1.0,17.5,52.0,11.87
id7,2022-01-02T09:04:59.000000,2022-01-02T09:36:44.000000,1.0,11.4,34.5,7.31
id3,2022-01-02T09:17:31.000000,2022-01-02T09:45:20.000000,6.0,18.39,52.0,11.31
id8,2022-01-02T11:14:00.000000,2022-01-02T11:27:13.000000,1.0,7.73,22.0,6.37
id1,2022-01-02T11:48:13.000000,2022-01-02T12:02:10.000000,2.0,2.3,11.5,2.96
id3,2022-01-02T12:00:06.000000,2022-01-02T12:27:23.000000,2.0,11.9,36.0,9.15
id6,2022-01-02T12:32:03.000000,2022-01-02T13:13:09.000000,1.0,4.5,34.2,0.0
id7,2022-01-02T12:50:11.000000,2022-01-02T13:01:12.000000,1.0,1.04,8.0,1.0
id1,2022-01-02T12:56:17.000000,2022-01-02T13:28:04.000000,1.0,19.1,52.0,6.31
id5,2022-01-02T13:10:07.000000,2022-01-02T13:33:16.000000,2.0,9.83,29.0,9.71
id1,2022-01-02T13:21:57.000000,2022-01-02T13:39:30.000000,1.0,4.77,16.5,3.96
id1,2022-01-02T13:37:55.000000,2022-01-02T13:41:47.000000,1.0,1.4,6.0,1.86
id2,2022-01-02T13:57:19.000000,2022-01-02T14:25:48.000000,3.0,20.96,52.0,11.36
id0,2022-01-02T14:03:43.000000,2022-01-02T14:10:23.000000,2.0,1.23,6.5,1.96
id3,2022-01-02T14:06:46.000000,2022-01-02T14:13:04.000000,1.0,1.1,6.5,2.45
id4,2022-01-02T14:09:36.000000,2022-01-02T14:25:41.000000,1.0,1.8,11.0,4.0
id2,2022-01-02T14:09:45.000000,2022-01-02T14:16:01.000000,1.0,1.45,6.5,1.0
id4,2022-01-02T14:34:18.000000,2022-01-02T14:40:02.000000,1.0,0.77,5.5,1.0
id0,2022-01-02T14:53:53.000000,2022-01-02T15:10:56.000000,1.0,2.2,12.0,3.8
id7,2022-01-02T15:19:55.000000,2022-01-02T15:35:52.000000,2.0,2.41,12.0,0.0
id2,2022-01-02T15:27:44.000000,2022-01-02T15:34:49.000000,1.0,0.93,6.5,1.0
id0,2022-01-02T15:29:12.000000,2022-01-03T15:15:07.000000,1.0,9.59,28.5,7.92
id0,2022-01-02T15:36:31.000000,2022-01-02T15:39:14.000000,2.0,0.59,4.0,1.46
id3,2022-01-02T15:40:23.000000,2022-01-02T15:57:39.000000,2.0,3.07,13.5,5.04
id5,2022-01-02T15:41:04.000000,2022-01-02T15:50:20.000000,1.0,1.78,8.0,2.82
id3,2022-01-02T16:00:06.000000,2022-01-02T16:40:41.000000,1.0,15.4,47.0,15.0
id7,2022-01-02T16:01:23.000000,2022-01-02T16:06:50.000000,3.0,1.0,6.0,1.85
id7,2022-01-02T16:02:58.000000,2022-01-02T16:50:13.000000,1.0,18.52,52.0,0.0
id1,2022-01-02T16:05:33.000000,2022-01-02T16:30:24.000000,3.0,4.0,18.5,4.35
id0,2022-01-02T16:14:20.000000,2022-01-02T16:35:06.000000,3.0,10.43,30.5,0.0
id5,2022-01-02T16:20:33.000000,2022-01-02T16:47:55.000000,1.0,11.2,34.0,8.77
id3,2022-01-02T16:26:57.000000,2022-01-02T16:30:09.000000,1.0,0.9,4.5,0.0
id2,2022-01-02T16:32:55.000000,2022-01-02T16:35:56.000000,1.0,0.5,4.0,2.15
id5,2022-01-02T16:33:03.000000,2022-01-02T17:04:36.000000,1.0,2.3,19.0,0.0
id4,2022-01-02T17:42:53.000000,2022-01-02T17:44:41.000000,1.0,0.4,3.5,0.43
id0,2022-01-02T17:43:24.000000,2022-01-02T18:02:22.000000,1.0,4.9,17.5,0.0
id8,2022-01-02T17:50:36.000000,2022-01-02T18:14:14.000000,1.0,3.78,17.5,4.16
id4,2022-01-02T18:48:06.000000,2022-01-02T19:08:11.000000,2.0,2.83,14.5,3.56
id4,2022-01-02T20:08:49.000000,2022-01-02T20:17:45.000000,2.0,3.36,12.0,0.0
id3,2022-01-02T20:52:14.000000,2022-01-02T21:25:01.000000,1.0,21.78,57.5,10.0
id7,2022-01-02T20:54:43.000000,2022-01-02T21:35:11.000000,1.0,18.35,53.5,0.0
id5,2022-01-02T20:56:41.000000,2022-01-02T21:02:43.000000,4.0,0.83,6.0,0.0
id6,2022-01-02T21:00:59.000000,2022-01-02T21:11:46.000000,1.0,3.33,11.5,0.0
id4,2022-01-02T21:21:41.000000,2022-01-02T21:30:09.000000,1.0,1.51,8.0,3.0
id8,2022-01-02T21:23:30.000000,2022-01-02T21:48:57.000000,1.0,17.66,52.0,0.0
id1,2022-01-02T21:25:40.000000,2022-01-02T21:28:26.000000,1.0,1.11,5.0,0.7
id4,2022-01-02T21:29:55.000000,2022-01-02T21:31:27.000000,2.0,0.45,3.5,0.0
id8,2022-01-02T21:36:58.000000,2022-01-02T22:10:03.000000,1.0,17.14,48.0,12.64
id6,2022-01-02T21:51:23.000000,2022-01-02T22:06:12.000000,1.0,3.38,13.5,0.0
id4,2022-01-02T22:04:57.000000,2022-01-02T22:24:56.000000,6.0,4.91,18.0,2.2
id6,2022-01-02T22:07:38.000000,2022-01-02T22:34:39.000000,2.0,17.88,52.0,12.37
id6,2022-01-02T22:25:11.000000,2022-01-02T22:48:26.000000,2.0,11.01,32.0,6.66
id3,2022-01-02T22:37:01.000000,2022-01-02T22:49:23.000000,1.0,2.54,11.0,5.0
id6,2022-01-02T22:44:13.000000,2022-01-02T22:58:02.000000,1.0,8.07,23.5,6.77
id5,2022-01-02T23:59:47.000000,2022-01-03T00:21:48.000000,1.0,13.81,38.0,4.96
id6,2022-01-03T02:11:17.000000,2022-01-03T02:14:59.000000,1.0,1.12,5.5,1.86
id3,2022-01-03T05:54:12.000000,2022-01-03T06:26:54.000000,2.0,24.75,76.5,0.0
id5,2022-01-03T06:24:58.000000,2022-01-03T06:29:29.000000,1.0,0.88,5.5,1.76
id0,2022-01-03T06:43:14.000000,2022-01-03T07:28:18.000000,1.0,20.27,52.0,12.37
id8,2022-01-03T06:43:51.000000,2022-01-03T06:50:46.000000,1.0,2.25,8.5,1.0
id3,2022-01-03T07:07:44.000000,2022-01-03T07:30:19.000000,1.0,4.69,18.5,0.0
id0,2022-01-03T07:09:08.000000,2022-01-03T07:15:04.000000,1.0,1.22,6.0,2.33
id1,2022-01-03T07:23:30.000000,2022-01-03T07:28:42.000000,1.0,1.24,6.0,2.32
id7,2022-01-03T07:26:53.000000,2022-01-03T07:56:19.000000,2.0,9.1,30.0,0.0
id4,2022-01-03T07:47:58.000000,2022-01-03T07:58:19.000000,1.0,2.5,10.0,0.0
id6,2022-01-03T07:50:43.000000,2022-01-03T07:54:48.000000,1.0,0.9,5.5,1.25
id3,2022-01-03T07:59:25.000000,2022-01-03T08:17:00.000000,0.0,3.4,14.0,2.0
id5,2022-01-03T08:08:47.000000,2022-01-03T08:14:30.000000,2.0,0.86,6.0,2.32
id1,2022-01-03T08:08:52.000000,2022-01-03T08:26:31.000000,1.0,2.95,13.0,0.0
id5,2022-01-03T08:12:07.000000,2022-01-03T08:15:24.000000,1.0,0.82,4.5,1.56
id2,2022-01-03T08:16:15.000000,2022-01-03T08:22:14.000000,1.0,1.43,6.5,2.45
id7,2022-01-03T08:19:47.000000,2022-01-03T08:41:38.000000,1.0,4.43,17.0,4.06
id3,2022-01-03T08:41:51.000000,2022-01-03T08:54:11.000000,0.0,1.8,10.0,0.0
id7,2022-01-03T08:52:03.000000,2022-01-03T09:36:28.000000,1.0,0.0,61.2,0.0
id7,2022-01-03T09:31:49.000000,2022-01-03T09:36:49.000000,1.0,0.9,5.5,2.0
id8,2022-01-03T09:57:19.000000,2022-01-03T10:02:10.000000,5.0,1.05,5.5,1.76
id3,2022-01-03T10:32:46.000000,2022-01-03T10:44:46.000000,1.0,2.4,10.5,0.0
id4,2022-01-03T10:38:29.000000,2022-01-03T10:43:06.000000,1.0,0.59,5.0,1.66
id5,2022-01-03T10:39:42.000000,2022-01-03T10:39:48.000000,1.0,0.0,170.0,10.0
id4,2022-01-03T10:43:55.000000,2022-01-03T10:46:03.000000,1.0,0.7,4.0,0.5
id3,2022-01-03T11:23:46.000000,2022-01-03T11:33:26.000000,1.0,2.4,9.5,3.2
id3,2022-01-03T12:24:47.000000,2022-01-03T12:31:53.000000,1.0,1.5,7.5,2.16
id7,2022-01-03T12:31:26.000000,2022-01-03T12:51:10.000000,1.0,4.8,18.5,0.0
id0,2022-01-03T12:41:08.000000,2022-01-03T12:50:41.000000,1.0,1.7,8.5,2.12
id8,2022-01-03T12:53:33.000000,2022-01-03T13:24:07.000000,1.0,9.63,32.0,5.0
id1,2022-01-03T13:05:45.000000,2022-01-03T13:18:43.000000,2.0,1.57,9.5,2.56
id8,2022-01-03T13:09:42.000000,2022-01-03T13:13:43.000000,1.0,0.49,4.5,1.56
id4,2022-01-03T13:14:10.000000,2022-01-03T13:18:58.000000,1.0,0.7,5.0,2.05
id2,2022-01-03T13:24:15.000000,2022-01-03T13:34:24.000000,1.0,2.1,9.5,1.2
id5,2022-01-03T13:25:27.000000,2022-01-03T13:45:47.000000,2.0,5.55,20.0,3.5
id7,2022-01-03T13:33:53.000000,2022-01-03T13:46:06.000000,1.0,1.9,9.5,2.5
id0,2022-01-03T13:50:07.000000,2022-01-03T13:53:17.000000,1.0,0.64,4.5,1.56
id2,2022-01-03T14:02:11.000000,2022-01-03T14:12:23.000000,1.0,2.06,9.0,2.46
id6,2022-01-03T14:26:32.000000,2022-01-03T14:27:47.000000,1.0,0.38,3.0,1.58
id6,2022-01-03T14:27:28.000000,2022-01-03T14:45:04.000000,1.0,3.9,15.5,4.7
id2,2022-01-03T14:30:03.000000,2022-01-03T14:37:23.000000,1.0,1.12,6.5,1.2
id8,2022-01-03T14:38:17.000000,2022-01-03T14:46:21.000000,2.0,2.11,8.5,2.36
id3,2022-01-03T14:40:28.000000,2022-01-03T14:45:31.000000,1.0,0.63,5.0,0.0
id5,2022-01-03T14:42:38.000000,2022-01-03T14:56:24.000000,2.0,2.2,11.0,0.0
id8,2022-01-03T14:51:12.000000,2022-01-03T15:20:30.000000,1.0,6.68,24.0,6.82
id2,2022-01-03T14:58:00.000000,2022-01-03T15:20:45.000000,4.0,3.9,16.5,0.0
id3,2022-01-03T15:00:41.000000,2022-01-03T15:07:06.000000,2.0,1.3,7.0,1.0
id1,2022-01-03T15:10:39.000000,2022-01-03T15:22:36.000000,1.0,2.0,10.0,0.0
id8,2022-01-03T15:13:06.000000,2022-01-03T15:21:59.000000,1.0,1.44,7.5,2.16
id0,2022-01-03T15:18:17.000000,2022-01-03T15:29:09.000000,1.0,2.3,10.0,3.3
id6,2022-01-03T15:23:08.000000,2022-01-03T15:45:14.000000,1.0,4.52,19.0,3.96
id1,2022-01-03T15:28:47.000000,2022-01-03T15:39:05.000000,6.0,1.16,8.0,1.0
id0,2022-01-03T15:45:45.000000,2022-01-03T15:50:17.000000,2.0,1.01,5.5,0.0
id4,2022-01-03T15:51:10.000000,2022-01-03T15:54:54.000000,1.0,0.49,4.5,0.0
id4,2022-01-03T16:01:31.000000,2022-01-03T16:16:59.000000,2.0,2.8,12.5,3.15
id2,2022-01-03T16:06:33.000000,2022-01-03T16:13:39.000000,1.0,0.99,6.0,0.0
id1,2022-01-03T16:36:14.000000,2022-01-03T16:57:28.000000,1.0,2.77,15.0,3.86
id6,2022-01-03T16:51:45.000000,2022-01-03T16:57:54.000000,1.0,0.93,6.0,3.09
id5,2022-01-03T16:54:29.000000,2022-01-03T16:58:23.000000,2.0,0.5,4.5,0.0
id7,2022-01-03T16:57:24.000000,2022-01-03T17:19:00.000000,1.0,10.8,31.5,0.0
id7,2022-01-03T16:59:26.000000,2022-01-03T17:09:49.000000,1.0,1.5,8.5,0.0
id5,2022-01-03T17:01:55.000000,2022-01-03T17:10:36.000000,1.0,1.9,8.5,2.35
id8,2022-01-03T17:08:04.000000,2022-01-03T17:19:02.000000,2.0,2.58,10.5,2.96
id5,2022-01-03T17:11:50.000000,2022-01-03T17:15:38.000000,1.0,0.94,5.0,2.79
id5,2022-01-03T17:16:13.000000,2022-01-03T17:22:39.000000,1.0,0.86,6.0,2.06
id6,2022-01-03T17:28:36.000000,2022-01-03T18:00:40.000000,2.0,18.19,90.0,22.58
id2,2022-01-03T17:51:16.000000,2022-01-03T17:59:17.000000,1.0,1.63,7.5,2.36
id5,2022-01-03T17:51:40.000000,2022-01-03T18:09:23.000000,1.0,3.62,15.0,0.0
id3,2022-01-03T18:13:44.000000,2022-01-03T18:17:04.000000,2.0,0.8,4.5,1.75
id6,2022-01-03T18:23:56.000000,2022-01-03T18:29:56.000000,1.0,0.73,5.5,1.96
id5,2022-01-03T18:34:46.000000,2022-01-03T18:52:37.000000,1.0,3.2,14.0,0.0
id8,2022-01-03T18:47:15.000000,2022-01-03T18:52:59.000000,6.0,0.73,-5.5,0.0
id3,2022-01-03T19:14:28.000000,2022-01-03T19:34:49.000000,1.0,14.29,39.0,0.0
id7,2022-01-03T19:21:12.000000,2022-01-03T19:27:51.000000,2.0,2.34,8.0,2.0
id5,2022-01-03T19:26:44.000000,2022-01-03T19:48:35.000000,2.0,9.45,28.5,5.0
id6,2022-01-03T19:52:43.000000,2022-01-03T20:02:17.000000,2.0,3.35,-9.0,0.0
id8,2022-01-03T20:05:51.000000,2022-01-03T20:37:56.000000,1.0,19.5,52.0,11.3
id3,2022-01-03T20:49:49.000000,2022-01-03T20:57:07.000000,1.0,1.2,7.0,2.15
id2,2022-01-03T20:55:20.000000,2022-01-03T21:00:32.000000,1.0,0.8,5.5,1.0
id4,2022-01-03T20:57:41.000000,2022-01-03T21:01:12.000000,1.0,0.65,4.5,0.0
id2,2022-01-03T21:04:10.000000,2022-01-03T21:10:19.000000,1.0,1.28,6.5,0.0
id7,2022-01-03T21:23:13.000000,2022-01-03T21:31:07.000000,1.0,1.82,8.0,0.0
id0,2022-01-03T21:27:19.000000,2022-01-03T21:41:23.000000,1.0,3.15,12.5,3.26
id0,2022-01-03T23:21:27.000000,2022-01-03T23:30:35.000000,2.0,4.8,14.5,7.0
id2,2022-01-03T23:42:08.000000,2022-01-03T23:52:08.000000,1.0,2.2,10.0,2.76
id8,2022-01-03T23:49:52.000000,2022-01-03T23:57:42.000000,1.0,2.87,10.0,2.07
id5,2022-01-04T02:49:46.000000,2022-01-04T02:59:36.000000,1.0,6.76,19.5,0.0
id2,2022-01-04T03:20:48.000000,2022-01-05T02:31:45.000000,6.0,1.01,5.5,0.0
id1,2022-01-04T04:38:01.000000,2022-01-04T04:50:01.000000,1.0,2.56,11.0,0.0
id6,2022-01-04T06:46:54.000000,2022-01-04T06:52:41.000000,1.0,1.9,7.5,1.3
id0,2022-01-04T07:26:04.000000,2022-01-04T07:33:35.000000,2.0,2.08,8.5,0.0
id6,2022-01-04T07:36:29.000000,2022-01-04T07:43:13.000000,2.0,1.0,6.0,0.0
id7,2022-01-04T07:37:56.000000,2022-01-04T07:42:40.000000,1.0,0.83,5.5,1.76
id4,2022-01-04T08:15:23.000000,2022-01-04T08:19:21.000000,0.0,0.5,4.5,0.0
id1,2022-01-04T08:26:22.000000,2022-01-04T08:43:10.000000,1.0,5.55,18.0,5.33
id6,2022-01-04T08:33:52.000000,2022-01-04T08:48:10.000000,1.0,1.7,9.5,2.55
id4,2022-01-04T08:39:04.000000,2022-01-04T08:44:35.000000,0.0,0.7,5.5,0.0
id6,2022-01-04T08:41:25.000000,2022-01-04T08:44:21.000000,3.0,0.45,4.0,2.19
id7,2022-01-04T08:48:48.000000,2022-01-04T08:51:45.000000,1.0,0.97,5.0,1.0
id1,2022-01-04T08:52:43.000000,2022-01-04T08:58:02.000000,1.0,1.24,6.0,0.0
id8,2022-01-04T09:31:27.000000,2022-01-04T09:38:13.000000,1.0,0.79,6.0,1.0
id8,2022-01-04T09:43:30.000000,2022-01-04T09:58:43.000000,1.0,1.84,10.5,3.0
id4,2022-01-04T10:03:47.000000,2022-01-04T10:12:48.000000,2.0,2.0,9.0,0.0
id0,2022-01-04T10:08:41.000000,2022-01-04T10:13:59.000000,1.0,0.89,5.5,0.0
id5,2022-01-04T11:21:32.000000,2022-01-04T11:27:53.000000,1.0,1.31,6.5,1.96
id0,2022-01-04T11:36:41.000000,2022-01-04T11:41:12.000000,1.0,0.66,5.0,1.66
id8,2022-01-04T11:39:24.000000,2022-01-04T11:55:12.000000,0.0,3.1,13.0,3.25
id5,2022-01-04T11:40:04.000000,2022-01-04T11:57:05.000000,2.0,3.1,14.0,3.46
id0,2022-01-04T12:21:47.000000,2022-01-04T12:46:33.000000,1.0,6.0,22.0,5.05
id7,2022-01-04T12:37:19.000000,2022-01-04T12:44:17.000000,1.0,1.22,7.0,2.06
id8,2022-01-04T12:42:39.000000,2022-01-04T12:56:33.000000,1.0,1.23,9.5,2.56
id5,2022-01-04T12:42:54.000000,2022-01-04T12:53:54.000000,1.0,1.7,9.5,2.56
id1,2022-01-04T12:49:03.000000,2022-01-04T12:53:54.000000,1.0,0.6,5.0,1.65
id1,2022-01-04T13:04:40.000000,2022-01-04T13:25:07.000000,1.0,3.2,15.0,0.0
id0,2022-01-04T13:09:03.000000,2022-01-04T13:14:46.000000,2.0,1.24,6.5,0.0
id5,2022-01-04T13:30:43.000000,2022-01-04T13:33:46.000000,1.0,0.39,4.0,0.0
id1,2022-01-04T13:40:25.000000,2022-01-04T13:47:09.000000,1.0,1.36,6.5,1.96
id7,2022-01-04T13:42:28.000000,2022-01-04T14:00:25.000000,1.0,6.4,20.5,0.0
id2,2022-01-04T13:44:16.000000,2022-01-04T13:47:16.000000,5.0,0.42,4.0,0.0
id5,2022-01-04T13:58:16.000000,2022-01-04T14:18:12.000000,3.0,5.2,19.0,0.0
id5,2022-01-04T14:09:07.000000,2022-01-04T14:53:25.000000,1.0,19.67,52.0,12.62
id4,2022-01-04T14:10:41.000000,2022-01-04T14:21:54.000000,1.0,1.63,9.0,2.46
id3,2022-01-04T14:18:46.000000,2022-01-04T14:23:08.000000,2.0,0.59,4.5,1.56
id4,2022-01-04T14:27:23.000000,2022-01-04T14:51:07.000000,1.0,3.55,17.0,5.08
id8,2022-01-04T14:39:23.000000,2022-01-04T14:55:21.000000,1.0,5.0,18.0,4.25
id6,2022-01-04T14:41:09.000000,2022-01-04T14:44:36.000000,1.0,0.8,4.5,1.55
id5,2022-01-04T14:46:22.000000,2022-01-04T14:53:14.000000,1.0,1.01,6.5,1.96
id3,2022-01-04T14:52:51.000000,2022-01-04T15:08:29.000000,1.0,2.3,12.0,3.05
id1,2022-01-04T15:00:55.000000,2022-01-04T15:03:08.000000,1.0,0.5,4.0,1.0
id0,2022-01-04T15:05:09.000000,2022-01-04T15:17:16.000000,3.0,1.29,9.5,2.56
id5,2022-01-04T15:25:52.000000,2022-01-04T16:06:43.000000,6.0,7.59,30.0,6.66
id4,2022-01-04T15:38:49.000000,2022-01-04T15:43:00.000000,1.0,0.7,5.0,0.0
id2,2022-01-04T15:52:57.000000,2022-01-04T16:32:03.000000,1.0,6.74,28.5,0.0
id6,2022-01-04T16:15:22.000000,2022-01-04T16:15:39.000000,1.0,0.15,2.5,0.0
id6,2022-01-04T16:26:49.000000,2022-01-04T16:38:51.000000,3.0,2.52,10.5,2.96
id0,2022-01-04T16:31:53.000000,2022-01-04T16:37:42.000000,1.0,0.72,5.5,1.96
id4,2022-01-04T16:37:10.000000,2022-01-04T16:39:59.000000,1.0,0.3,4.0,0.0
id3,2022-01-04T16:43:26.000000,2022-01-04T16:49:23.000000,1.0,1.27,6.5,2.7
id5,2022-01-04T17:05:32.000000,2022-01-04T17:19:21.000000,1.0,3.05,12.5,4.2
id6,2022-01-04T17:11:23.000000,2022-01-04T17:24:31.000000,1.0,1.5,9.5,2.5
id1,2022-01-04T17:31:23.000000,2022-01-04T17:45:24.000000,1.0,2.44,11.0,3.06
id5,2022-01-04T17:38:01.000000,2022-01-04T18:14:37.000000,2.0,15.3,45.5,0.0
id1,2022-01-04T17:45:16.000000,2022-01-04T17:58:07.000000,1.0,2.02,10.0,2.86
id0,2022-01-04T17:56:22.000000,2022-01-04T18:01:05.000000,1.0,0.78,5.0,1.4
id7,2022-01-04T17:59:42.000000,2022-01-04T18:04:02.000000,1.0,0.86,5.0,1.0
id4,2022-01-04T18:02:40.000000,2022-01-04T18:08:02.000000,1.0,1.81,7.5,2.36
id4,2022-01-04T18:17:51.000000,2022-01-04T18:26:48.000000,1.0,1.35,8.0,0.0
id0,2022-01-04T18:18:57.000000,2022-01-04T18:33:38.000000,1.0,3.08,13.0,1.0
id1,2022-01-04T18:32:29.000000,2022-01-04T18:32:34.000000,2.0,0.0,73.0,1.2
id5,2022-01-04T18:42:43.000000,2022-01-04T19:23:05.000000,1.0,20.84,52.0,16.59
id7,2022-01-04T18:46:47.000000,2022-01-04T18:54:20.000000,1.0,1.08,6.5,2.16
id7,2022-01-04T19:17:07.000000,2022-01-04T19:19:19.000000,1.0,0.75,4.0,1.66
id0,2022-01-04T19:26:06.000000,2022-01-04T19:28:26.000000,1.0,0.35,3.5,1.95
id3,2022-01-04T19:49:24.000000,2022-01-04T20:01:41.000000,1.0,5.98,17.5,0.0
id4,2022-01-04T20:15:30.000000,2022-01-04T20:21:35.000000,2.0,1.44,6.5,1.0
id3,2022-01-04T20:22:25.000000,2022-01-04T20:25:17.000000,1.0,0.3,3.5,0.0
id2,2022-01-04T20:24:14.000000,2022-01-04T20:34:44.000000,1.0,2.3,9.5,3.3
id5,2022-01-04T21:12:19.000000,2022-01-04T21:23:29.000000,1.0,2.77,10.5,2.86
id1,2022-01-04T21:24:59.000000,2022-01-04T21:27:46.000000,6.0,0.6,4.0,1.56
id0,2022-01-04T21:34:29.000000,2022-01-04T21:50:09.000000,1.0,4.11,15.0,3.76
id8,2022-01-04T21:38:12.000000,2022-01-04T21:43:57.000000,1.0,1.41,6.5,2.06
id2,2022-01-04T21:45:42.000000,2022-01-04T21:50:25.000000,2.0,0.7,5.0,1.76
id7,2022-01-04T21:55:59.000000,2022-01-04T21:58:35.000000,1.0,0.85,4.5,1.66
id8,2022-01-04T22:00:15.000000,2022-01-04T22:04:20.000000,2.0,1.2,6.0,2.45
id6,2022-01-04T22:37:00.000000,2022-01-04T22:48:13.000000,1.0,2.59,11.0,2.96
id0,2022-01-04T23:04:00.000000,2022-01-04T23:13:13.000000,1.0,2.3,9.5,2.65
id4,2022-01-05T01:56:42.000000,2022-01-05T02:15:34.000000,5.0,5.37,19.0,5.0
id7,2022-01-05T05:49:22.000000,2022-01-05T06:07:42.000000,1.0,2.81,14.0,3.56
id4,2022-01-05T06:15:18.000000,2022-01-05T06:21:07.000000,1.0,0.98,6.0,1.86
id4,2022-01-05T06:55:47.000000,2022-01-05T07:00:42.000000,1.0,1.1,6.0,2.3
id1,2022-01-05T07:20:33.000000,2022-01-05T07:28:39.000000,1.0,1.07,7.0,0.0
id8,2022-01-05T07:29:27.000000,2022-01-05T07:48:40.000000,3.0,5.72,19.0,1.0
id1,2022-01-05T07:56:01.000000,2022-01-05T08:03:53.000000,1.0,2.46,9.5,3.84
id0,2022-01-05T07:56:15.000000,2022-01-05T08:05:19.000000,2.0,1.43,8.0,2.26
id6,2022-01-05T08:01:53.000000,2022-01-05T08:09:55.000000,1.0,1.74,8.5,2.95
id5,2022-01-05T08:13:57.000000,2022-01-05T08:20:58.000000,1.0,0.98,6.5,3.0
id6,2022-01-05T08:24:27.000000,2022-01-05T08:46:44.000000,1.0,3.01,16.0,0.0
id8,2022-01-05T08:34:29.000000,2022-01-05T08:52:55.000000,1.0,3.0,14.0,3.45
id0,2022-01-05T08:36:30.000000,2022-01-05T08:43:03.000000,0.0,1.1,6.5,1.0
id1,2022-01-05T08:38:33.000000,2022-01-05T08:48:30.000000,1.0,1.83,9.0,2.0
id7,2022-01-05T08:42:54.000000,2022-01-05T08:51:31.000000,6.0,1.56,8.0,2.26
id0,2022-01-05T08:45:22.000000,2022-01-05T08:51:10.000000,1.0,0.6,5.5,1.06
id2,2022-01-05T08:52:24.000000,2022-01-05T08:58:46.000000,2.0,0.8,6.0,1.86
id8,2022-01-05T09:16:40.000000,2022-01-05T09:22:32.000000,1.0,0.4,4.5,2.0
id2,2022-01-05T09:27:41.000000,2022-01-05T09:34:53.000000,2.0,1.07,6.5,1.96
id6,2022-01-05T09:27:53.000000,2022-01-05T09:41:07.000000,1.0,2.22,10.5,2.76
id7,2022-01-05T09:30:53.000000,2022-01-05T09:38:26.000000,1.0,1.05,6.5,1.96
id4,2022-01-05T09:31:56.000000,2022-01-05T09:36:43.000000,1.0,0.8,5.5,0.0
id4,2022-01-05T09:35:13.000000,2022-01-05T09:42:57.000000,1.0,2.51,9.0,0.0
id2,2022-01-05T09:57:20.000000,2022-01-05T10:11:07.000000,1.0,2.67,12.0,3.83
id2,2022-01-05T10:01:07.000000,2022-01-05T10:27:08.000000,1.0,9.6,29.5,6.06
id8,2022-01-05T10:05:09.000000,2022-01-05T10:12:16.000000,1.0,1.53,7.5,2.16
id1,2022-01-05T10:24:23.000000,2022-01-05T10:37:17.000000,1.0,3.71,14.0,0.0
id8,2022-01-05T10:28:00.000000,2022-01-05T10:43:39.000000,1.0,1.9,11.5,1.0
id8,2022-01-05T10:30:55.000000,2022-01-05T10:43:13.000000,2.0,1.9,10.0,2.65
id3,2022-01-05T10:45:06.000000,2022-01-05T11:26:14.000000,1.0,7.68,31.5,0.0
id4,2022-01-05T10:58:36.000000,2022-01-05T11:06:34.000000,2.0,1.27,7.0,1.5
id7,2022-01-05T11:07:08.000000,2022-01-05T11:20:32.000000,1.0,1.21,9.5,2.56
id8,2022-01-05T11:21:17.000000,2022-01-05T11:41:59.000000,1.0,3.7,15.5,1.0
id0,2022-01-05T11:39:54.000000,2022-01-05T11:57:56.000000,1.0,3.82,14.5,0.0
id4,2022-01-05T11:44:40.000000,2022-01-05T12:21:53.000000,1.0,9.8,43.2,0.0
id6,2022-01-05T12:14:11.000000,2022-01-05T12:50:01.000000,1.0,11.6,51.2,0.0
id7,2022-01-05T12:27:13.000000,2022-01-05T12:50:26.000000,1.0,5.77,21.5,4.96
id7,2022-01-05T13:07:40.000000,2022-01-05T13:15:28.000000,1.0,1.41,7.0,0.0
id1,2022-01-05T13:22:33.000000,2022-01-05T13:27:15.000000,3.0,0.82,5.0,0.0
id6,2022-01-05T13:56:49.000000,2022-01-05T14:17:41.000000,1.0,4.1,16.5,3.96
id2,2022-01-05T14:01:25.000000,2022-01-05T14:13:17.000000,1.0,2.06,9.5,2.56
id7,2022-01-05T14:41:20.000000,2022-01-05T14:56:31.000000,1.0,2.09,11.5,2.96
id4,2022-01-05T14:44:21.000000,2022-01-05T15:03:00.000000,2.0,2.36,13.0,0.0
id3,2022-01-05T15:12:50.000000,2022-01-05T15:16:59.000000,1.0,0.64,4.5,1.95
id3,2022-01-05T15:19:01.000000,2022-01-05T15:48:34.000000,1.0,5.4,22.5,0.0
id7,2022-01-05T15:31:50.000000,2022-01-05T15:33:23.000000,1.0,0.25,3.0,0.0
id4,2022-01-05T15:34:20.000000,2022-01-05T16:16:44.000000,2.0,16.3,52.0,11.36
id6,2022-01-05T16:03:36.000000,2022-01-05T16:15:21.000000,1.0,1.6,9.5,3.2
id6,2022-01-05T16:21:56.000000,2022-01-05T16:28:26.000000,1.0,1.14,6.5,2.16
id1,2022-01-05T16:30:55.000000,2022-01-05T16:37:21.000000,1.0,1.4,6.5,1.0
id6,2022-01-05T16:32:40.000000,2022-01-05T16:37:33.000000,1.0,1.14,6.0,1.54
id8,2022-01-05T16:34:21.000000,2022-01-05T16:37:13.000000,1.0,0.6,4.0,1.66
id0,2022-01-05T16:58:36.000000,2022-01-05T17:06:45.000000,1.0,1.7,8.0,0.0
id6,2022-01-05T17:00:54.000000,2022-01-05T17:07:00.000000,1.0,0.9,5.0,3.0
id0,2022-01-05T17:11:08.000000,2022-01-05T17:25:11.000000,1.0,1.9,9.5,0.0
id6,2022-01-05T17:12:21.000000,2022-01-05T17:28:09.000000,1.0,2.59,12.0,4.89
id1,2022-01-05T17:15:34.000000,2022-01-05T17:21:05.000000,1.0,0.99,5.5,1.0
id5,2022-01-05T17:17:18.000000,2022-01-05T17:20:17.000000,1.0,0.6,4.0,1.66
id3,2022-01-05T17:31:15.000000,2022-01-05T17:38:46.000000,1.0,1.4,7.5,2.35
id1,2022-01-05T17:31:57.000000,2022-01-05T17:46:51.000000,1.0,3.01,13.0,0.0
id4,2022-01-05T17:43:15.000000,2022-01-05T17:58:13.000000,1.0,2.82,12.0,1.63
id0,2022-01-05T17:48:29.000000,2022-01-05T17:52:13.000000,1.0,1.07,5.5,2.0
id3,2022-01-05T17:51:12.000000,2022-01-05T18:01:41.000000,5.0,1.45,8.5,2.56
id8,2022-01-05T18:05:47.000000,2022-01-05T18:11:10.000000,2.0,0.8,5.5,0.0
id5,2022-01-05T18:06:30.000000,2022-01-05T18:12:34.000000,2.0,1.6,7.0,2.82
id0,2022-01-05T18:08:06.000000,2022-01-05T18:25:44.000000,1.0,4.1,16.0,4.5
id8,2022-01-05T18:44:31.000000,2022-01-05T18:48:30.000000,1.0,1.07,5.5,0.0
id6,2022-01-05T19:22:48.000000,2022-01-05T19:30:39.000000,2.0,2.23,8.5,2.0
id6,2022-01-05T19:24:02.000000,2022-01-05T19:34:42.000000,2.0,2.02,9.5,2.76
id3,2022-01-05T20:22:25.000000,2022-01-05T20:29:33.000000,1.0,1.21,7.0,2.16
id2,2022-01-05T20:37:33.000000,2022-01-05T20:43:36.000000,2.0,1.48,6.5,1.03
id7,2022-01-05T21:56:23.000000,2022-01-05T22:13:40.000000,1.0,5.73,18.5,3.96
id5,2022-01-05T22:06:57.000000,2022-01-05T22:18:14.000000,1.0,2.13,10.0,1.0
id4,2022-01-05T22:16:18.000000,2022-01-05T22:18:45.000000,1.0,0.87,4.5,1.66
id3,2022-01-05T23:12:42.000000,2022-01-05T23:21:20.000000,1.0,3.12,10.5,2.86
id2,2022-01-05T23:24:13.000000,2022-01-05T23:41:24.000000,1.0,7.31,22.0,4.91
id1,2022-01-05T23:37:13.000000,2022-01-05T23:40:53.000000,1.0,0.84,5.0,1.0
id5,2022-01-06T01:32:15.000000,2022-01-06T01:39:31.000000,1.0,1.47,7.0,1.5
id5,2022-01-06T05:34:34.000000,2022-01-06T05:37:16.000000,1.0,1.01,5.0,1.0
id2,2022-01-06T06:23:12.000000,2022-01-06T06:36:26.000000,1.0,2.86,12.5,0.0
id2,2022-01-06T07:15:42.000000,2022-01-06T07:34:05.000000,2.0,3.8,15.5,3.85
id5,2022-01-06T07:18:26.000000,2022-01-06T07:31:44.000000,1.0,6.11,19.0,4.46
id1,2022-01-06T07:33:50.000000,2022-01-06T07:44:16.000000,1.0,2.1,9.5,2.56
id7,2022-01-06T07:33:53.000000,2022-01-06T07:40:38.000000,1.0,2.33,8.5,1.0
id8,2022-01-06T08:06:17.000000,2022-01-06T08:31:00.000000,2.0,10.08,30.5,8.07
id5,2022-01-06T08:47:42.000000,2022-01-06T08:56:53.000000,1.0,1.26,7.5,2.16
id5,2022-01-06T08:48:50.000000,2022-01-06T08:55:36.000000,1.0,1.0,6.5,1.95
id8,2022-01-06T10:11:18.000000,2022-01-06T10:28:15.000000,1.0,4.0,15.0,0.0
id3,2022-01-06T10:14:02.000000,2022-01-06T10:14:27.000000,1.0,0.0,2.5,0.0
id4,2022-01-06T10:53:05.000000,2022-01-06T10:57:13.000000,1.0,0.7,5.0,0.0
id8,2022-01-06T11:02:56.000000,2022-01-06T11:06:34.000000,1.0,0.3,4.0,0.0
id7,2022-01-06T11:19:02.000000,2022-01-06T11:22:12.000000,1.0,0.62,4.5,0.0
id0,2022-01-06T11:21:46.000000,2022-01-06T11:52:06.000000,1.0,13.32,38.5,0.0
id0,2022-01-06T11:43:28.000000,2022-01-06T11:50:44.000000,1.0,2.5,9.5,3.2
id4,2022-01-06T11:44:23.000000,2022-01-06T11:49:43.000000,1.0,0.9,5.5,1.0
id6,2022-01-06T11:49:56.000000,2022-01-06T12:00:27.000000,1.0,2.2,9.5,2.56
id8,2022-01-06T12:02:05.000000,2022-01-06T12:11:11.000000,1.0,1.69,8.5,0.0
id0,2022-01-06T12:04:55.000000,2022-01-06T12:23:25.000000,3.0,6.47,21.0,2.43
id0,2022-01-06T12:23:50.000000,2022-01-06T12:30:56.000000,3.0,0.98,6.5,2.94
id2,2022-01-06T13:12:24.000000,2022-01-06T13:19:08.000000,1.0,1.13,6.5,1.0
id8,2022-01-06T13:15:21.000000,2022-01-06T13:24:42.000000,1.0,1.31,7.5,2.16
id3,2022-01-06T13:34:55.000000,2022-01-06T13:48:32.000000,1.0,2.4,11.0,3.0
id6,2022-01-06T13:35:17.000000,2022-01-06T13:44:28.000000,1.0,3.07,11.0,2.36
id3,2022-01-06T13:47:21.000000,2022-01-06T14:01:10.000000,1.0,1.9,9.5,2.55
id5,2022-01-06T13:53:45.000000,2022-01-06T14:04:36.000000,1.0,1.51,8.5,3.0
id7,2022-01-06T14:16:36.000000,2022-01-06T14:29:43.000000,1.0,2.99,12.0,3.83
id4,2022-01-06T14:27:16.000000,2022-01-06T14:50:13.000000,1.0,1.82,15.0,0.0
id2,2022-01-06T14:31:01.000000,2022-01-06T14:41:42.000000,4.0,1.7,9.0,0.0
id5,2022-01-06T14:57:34.000000,2022-01-06T15:41:37.000000,1.0,20.6,52.0,12.6
id4,2022-01-06T15:23:01.000000,2022-01-06T15:27:11.000000,3.0,0.8,5.0,0.0
id6,2022-01-06T15:34:57.000000,2022-01-06T15:37:18.000000,1.0,0.44,3.5,1.36
id0,2022-01-06T15:44:08.000000,2022-01-06T15:48:23.000000,1.0,0.46,4.5,1.56
id4,2022-01-06T15:49:08.000000,2022-01-06T16:07:08.000000,1.0,4.23,16.0,1.0
id3,2022-01-06T16:01:06.000000,2022-01-06T16:07:51.000000,1.0,1.0,6.0,2.05
id6,2022-01-06T16:06:07.000000,2022-01-06T16:17:15.000000,1.0,1.29,8.5,2.0
id3,2022-01-06T16:15:53.000000,2022-01-06T17:08:38.000000,1.0,19.43,52.0,13.52
id3,2022-01-06T17:01:18.000000,2022-01-06T17:14:24.000000,1.0,2.68,11.0,3.06
id0,2022-01-06T17:06:50.000000,2022-01-06T17:19:58.000000,1.0,2.7,12.0,1.5
id1,2022-01-06T17:08:58.000000,2022-01-06T17:18:42.000000,1.0,1.7,8.5,0.0
id2,2022-01-06T17:13:54.000000,2022-01-06T17:32:32.000000,1.0,6.74,22.0,5.26
id7,2022-01-06T17:16:57.000000,2022-01-06T17:20:03.000000,1.0,1.03,5.0,1.4
id8,2022-01-06T17:19:59.000000,2022-01-06T17:52:24.000000,1.0,9.75,32.0,7.26
id8,2022-01-06T17:53:04.000000,2022-01-06T17:58:48.000000,1.0,1.08,6.0,2.06
id1,2022-01-06T17:56:15.000000,2022-01-06T18:23:02.000000,1.0,3.8,18.0,0.0
id2,2022-01-06T17:57:27.000000,2022-01-06T18:20:42.000000,1.0,4.8,19.0,2.33
id8,2022-01-06T18:16:35.000000,2022-01-06T18:22:24.000000,1.0,1.23,6.0,2.06
id2,2022-01-06T18:18:39.000000,2022-01-06T18:20:56.000000,1.0,0.7,4.0,1.65
id6,2022-01-06T18:38:31.000000,2022-01-06T18:59:31.000000,1.0,5.58,20.0,2.43
id0,2022-01-06T18:49:21.000000,2022-01-06T18:55:21.000000,6.0,0.91,6.0,2.06
id8,2022-01-06T19:06:55.000000,2022-01-06T19:11:03.000000,2.0,0.3,4.5,1.75
id7,2022-01-06T19:15:22.000000,2022-01-06T19:21:53.000000,1.0,1.6,7.0,0.0
id6,2022-01-06T19:18:14.000000,2022-01-06T19:25:13.000000,1.0,1.1,6.5,2.7
id3,2022-01-06T19:29:34.000000,2022-01-06T19:55:17.000000,1.0,12.73,36.0,12.09
id4,2022-01-06T19:31:38.000000,2022-01-06T19:40:20.000000,1.0,1.5,7.5,2.35
id2,2022-01-06T20:00:28.000000,2022-01-06T20:04:19.000000,1.0,1.06,5.5,1.86
id1,2022-01-06T20:19:54.000000,2022-01-06T20:30:57.000000,0.0,2.2,9.5,3.3
id4,2022-01-06T20:31:17.000000,2022-01-06T20:39:16.000000,1.0,1.77,8.0,2.36
id2,2022-01-06T21:07:02.000000,2022-01-06T21:08:41.000000,1.0,0.4,3.5,4.0
id5,2022-01-06T21:23:38.000000,2022-01-06T21:35:54.000000,2.0,1.3,8.5,2.46
id0,2022-01-06T21:41:04.000000,2022-01-06T21:51:59.000000,1.0,2.11,9.5,0.0
id4,2022-01-06T21:49:13.000000,2022-01-06T21:53:16.000000,1.0,0.73,4.5,1.66
id6,2022-01-06T21:52:35.000000,2022-01-06T22:05:07.000000,1.0,3.66,12.5,3.26
id0,2022-01-06T21:54:54.000000,2022-01-06T21:59:08.000000,1.0,1.16,5.5,1.86
id5,2022-01-06T22:21:17.000000,2022-01-06T22:29:01.000000,1.0,3.46,12.0,3.16
id6,2022-01-06T22:24:29.000000,2022-01-06T22:41:20.000000,1.0,4.38,15.5,3.86
id5,2022-01-06T22:57:51.000000,2022-01-06T23:09:47.000000,4.0,2.7,11.0,3.7
id4,2022-01-06T23:33:41.000000,2022-01-06T23:39:40.000000,1.0,1.8,7.0,2.15
id6,2022-01-07T01:29:30.000000,2022-01-07T01:34:43.000000,2.0,1.2,6.0,1.0
id4,2022-01-07T01:44:03.000000,2022-01-07T01:51:23.000000,1.0,1.25,7.0,0.0
id7,2022-01-07T03:00:50.000000,2022-01-07T03:22:57.000000,1.0,8.8,26.0,0.0
id1,2022-01-07T03:01:21.000000,2022-01-07T03:12:30.000000,1.0,2.4,9.5,0.7
id4,2022-01-07T07:11:41.000000,2022-01-07T07:19:12.000000,1.0,1.2,6.5,2.45
id8,2022-01-07T08:36:10.000000,2022-01-07T08:47:43.000000,1.0,2.99,11.5,3.77
id8,2022-01-07T08:40:47.000000,2022-01-07T08:45:24.000000,1.0,0.9,5.5,0.0
id0,2022-01-07T08:48:31.000000,2022-01-07T08:54:45.000000,3.0,1.11,6.5,1.96
id2,2022-01-07T09:34:52.000000,2022-01-07T09:42:37.000000,1.0,1.54,7.5,0.0
id5,2022-01-07T09:45:27.000000,2022-01-07T09:52:06.000000,2.0,1.42,7.0,0.0
id3,2022-01-07T09:46:26.000000,2022-01-07T09:53:41.000000,1.0,1.34,7.0,2.06
id1,2022-01-07T09:55:53.000000,2022-01-07T10:01:52.000000,2.0,1.0,6.0,2.0
id8,2022-01-07T10:05:15.000000,2022-01-07T10:10:50.000000,1.0,1.21,6.0,2.32
id5,2022-01-07T10:08:00.000000,2022-01-07T10:21:28.000000,1.0,4.07,15.0,3.66
id0,2022-01-07T10:20:03.000000,2022-01-07T10:23:55.000000,1.0,0.99,5.0,1.66
id6,2022-01-07T10:59:58.000000,2022-01-07T11:11:36.000000,1.0,1.7,9.0,2.46
id6,2022-01-07T11:11:26.000000,2022-01-07T11:20:17.000000,1.0,2.21,9.0,2.46
id5,2022-01-07T11:40:21.000000,2022-01-07T11:55:44.000000,1.0,2.2,11.5,4.4
id0,2022-01-07T11:56:54.000000,2022-01-07T12:01:24.000000,1.0,0.98,5.0,1.7
id6,2022-01-07T12:28:25.000000,2022-01-07T12:38:34.000000,1.0,1.7,9.0,2.45
id2,2022-01-07T12:44:17.000000,2022-01-07T12:50:29.000000,2.0,0.9,6.0,2.33
id3,2022-01-07T12:46:42.000000,2022-01-07T12:57:17.000000,1.0,1.5,8.5,3.5
id6,2022-01-07T12:48:42.000000,2022-01-07T12:59:13.000000,1.0,2.1,9.5,0.0
id3,2022-01-07T13:12:02.000000,2022-01-07T13:24:30.000000,1.0,2.0,10.0,3.0
id2,2022-01-07T13:16:54.000000,2022-01-07T13:23:57.000000,1.0,2.06,8.0,2.26
id2,2022-01-07T13:24:54.000000,2022-01-07T13:32:50.000000,1.0,1.55,8.0,2.26
id0,2022-01-07T13:54:26.000000,2022-01-07T14:09:18.000000,1.0,5.25,17.5,0.0
id1,2022-01-07T14:29:20.000000,2022-01-07T14:32:54.000000,1.0,0.5,4.5,0.0
id8,2022-01-07T14:31:50.000000,2022-01-07T14:39:09.000000,1.0,1.14,6.5,0.0
id4,2022-01-07T15:03:16.000000,2022-01-07T15:20:43.000000,2.0,3.24,13.5,3.02
id4,2022-01-07T15:13:40.000000,2022-01-07T15:25:31.000000,1.0,2.82,10.5,0.0
id7,2022-01-07T15:24:47.000000,2022-01-07T15:48:02.000000,1.0,8.1,25.5,7.3
id8,2022-01-07T15:31:19.000000,2022-01-07T15:40:40.000000,1.0,1.49,8.5,0.0
id2,2022-01-07T16:13:34.000000,2022-01-07T16:22:57.000000,1.0,1.6,8.0,2.45
id7,2022-01-07T16:52:36.000000,2022-01-07T17:05:15.000000,2.0,2.89,11.5,0.0
id2,2022-01-07T17:07:34.000000,2022-01-07T17:12:34.000000,1.0,0.9,5.5,1.95
id4,2022-01-07T17:18:24.000000,2022-01-07T17:36:13.000000,1.0,12.09,33.0,5.0
id5,2022-01-07T17:24:35.000000,2022-01-07T17:30:45.000000,1.0,0.9,6.0,2.05
id0,2022-01-07T17:25:26.000000,2022-01-07T17:30:09.000000,1.0,0.98,5.5,1.96
id6,2022-01-07T17:27:03.000000,2022-01-07T17:36:13.000000,1.0,1.8,8.5,2.55
id0,2022-01-07T17:28:38.000000,2022-01-07T17:33:24.000000,1.0,0.5,5.0,2.75
id0,2022-01-07T17:32:09.000000,2022-01-07T17:42:10.000000,1.0,1.65,9.0,1.5
id1,2022-01-07T17:38:43.000000,2022-01-07T17:42:38.000000,1.0,0.62,5.0,1.86
id7,2022-01-07T17:53:36.000000,2022-01-07T18:05:36.000000,3.0,2.03,10.0,2.86
id4,2022-01-07T18:07:32.000000,2022-01-07T18:13:03.000000,3.0,0.95,5.5,1.47
id7,2022-01-07T18:23:39.000000,2022-01-07T19:03:21.000000,1.0,19.91,52.0,13.52
id5,2022-01-07T18:30:52.000000,2022-01-07T18:36:11.000000,1.0,1.04,6.0,1.54
id2,2022-01-07T19:06:35.000000,2022-01-07T19:13:29.000000,1.0,0.9,6.5,2.15
id1,2022-01-07T19:19:48.000000,2022-01-07T19:25:21.000000,1.0,1.2,6.5,0.5
id0,2022-01-07T19:28:08.000000,2022-01-07T19:35:47.000000,1.0,1.5,7.5,2.36
id4,2022-01-07T19:36:58.000000,2022-01-07T19:44:04.000000,1.0,0.96,6.5,3.24
id0,2022-01-07T19:38:44.000000,2022-01-07T19:46:22.000000,1.0,1.51,7.0,2.26
id3,2022-01-07T20:08:27.000000,2022-01-07T20:35:02.000000,2.0,17.78,52.0,12.37
id4,2022-01-07T20:12:46.000000,2022-01-07T20:16:43.000000,2.0,0.7,4.5,0.0
id1,2022-01-07T20:18:37.000000,2022-01-07T20:28:16.000000,1.0,2.29,9.5,2.66
id3,2022-01-07T20:33:32.000000,2022-01-07T20:45:41.000000,1.0,1.8,10.0,3.0
id4,2022-01-07T20:52:45.000000,2022-01-07T21:00:45.000000,2.0,2.86,9.5,0.0
id3,2022-01-07T20:54:34.000000,2022-01-07T21:00:52.000000,1.0,0.9,6.0,1.96
id2,2022-01-07T21:39:27.000000,2022-01-07T21:52:07.000000,1.0,2.7,11.5,3.06
id5,2022-01-07T21:50:31.000000,2022-01-07T21:57:03.000000,1.0,0.96,6.0,1.22
id4,2022-01-07T22:21:22.000000,2022-01-07T22:33:25.000000,1.0,2.12,10.5,2.14
id1,2022-01-07T22:41:54.000000,2022-01-07T22:43:56.000000,1.0,0.6,4.0,1.55
id8,2022-01-07T22:48:58.000000,2022-01-07T23:01:51.000000,1.0,2.88,11.5,3.06
id7,2022-01-07T23:26:02.000000,2022-01-07T23:32:37.000000,2.0,1.0,6.0,1.96
id6,2022-01-08T00:32:06.000000,2022-01-08T00:35:37.000000,1.0,0.44,4.5,1.66
id2,2022-01-08T03:32:07.000000,2022-01-08T03:37:10.000000,6.0,1.5,6.5,2.06
id4,2022-01-08T03:45:12.000000,2022-01-08T04:01:31.000000,1.0,4.24,16.0,4.95
id3,2022-01-08T05:50:28.000000,2022-01-08T06:04:05.000000,1.0,4.0,14.0,0.0
id7,2022-01-08T08:08:56.000000,2022-01-08T09:02:57.000000,1.0,70.78,157.0,0.0
id5,2022-01-08T09:09:19.000000,2022-01-08T09:35:48.000000,1.0,9.17,29.0,0.0
id0,2022-01-08T09:36:46.000000,2022-01-08T09:48:35.000000,1.0,2.86,11.5,2.5
id8,2022-01-08T10:07:08.000000,2022-01-08T10:11:36.000000,2.0,1.2,6.0,1.85
id5,2022-01-08T10:34:43.000000,2022-01-08T10:38:41.000000,1.0,1.42,6.0,1.86
id3,2022-01-08T10:55:59.000000,2022-01-08T11:01:03.000000,2.0,0.8,5.5,1.5
id1,2022-01-08T11:06:09.000000,2022-01-08T11:10:15.000000,1.0,0.7,5.0,0.0
id4,2022-01-08T11:27:18.000000,2022-01-08T11:38:39.000000,1.0,2.1,9.5,2.05
id4,2022-01-08T11:28:26.000000,2022-01-08T11:44:38.000000,1.0,3.3,12.0,0.0
id5,2022-01-08T11:39:51.000000,2022-01-08T11:56:07.000000,2.0,2.23,12.5,3.16
id7,2022-01-08T11:45:38.000000,2022-01-08T11:50:30.000000,1.0,1.0,5.5,1.0
id0,2022-01-08T12:01:55.000000,2022-01-08T12:09:11.000000,3.0,1.0,6.5,1.96
id6,2022-01-08T12:20:16.000000,2022-01-08T12:49:43.000000,1.0,17.15,64.5,17.02
id7,2022-01-08T12:38:25.000000,2022-01-08T13:00:06.000000,2.0,3.93,16.5,3.96
id2,2022-01-08T12:40:12.000000,2022-01-08T12:49:44.000000,1.0,1.95,8.5,2.36
id0,2022-01-08T13:05:32.000000,2022-01-08T13:32:17.000000,1.0,14.01,39.5,0.0
id7,2022-01-08T13:41:19.000000,2022-01-08T13:48:34.000000,2.0,0.9,6.5,0.0
id2,2022-01-08T13:43:58.000000,2022-01-08T13:54:06.000000,1.0,1.2,8.0,0.0
id6,2022-01-08T13:51:59.000000,2022-01-08T14:03:19.000000,1.0,2.17,10.0,0.0
id1,2022-01-08T13:55:33.000000,2022-01-08T14:16:13.000000,1.0,5.39,19.0,4.46
id3,2022-01-08T14:05:36.000000,2022-01-08T14:14:17.000000,1.0,2.34,9.5,2.0
id1,2022-01-08T14:06:20.000000,2022-01-08T14:52:57.000000,1.0,20.0,62.2,0.0
id1,2022-01-08T14:11:40.000000,2022-01-08T14:25:16.000000,1.0,1.7,10.5,0.0
id6,2022-01-08T14:25:19.000000,2022-01-08T14:32:59.000000,1.0,1.15,7.5,2.16
id3,2022-01-08T14:25:45.000000,2022-01-08T14:33:03.000000,1.0,1.1,7.0,0.0
id7,2022-01-08T14:34:41.000000,2022-01-08T14:41:35.000000,1.0,1.35,7.0,2.06
id6,2022-01-08T14:39:15.000000,2022-01-08T15:05:24.000000,2.0,17.07,64.0,16.61
id3,2022-01-08T15:13:29.000000,2022-01-08T15:15:31.000000,6.0,0.34,-3.5,0.0
id2,2022-01-08T15:35:12.000000,2022-01-08T15:50:33.000000,1.0,3.44,13.5,3.0
id4,2022-01-08T15:53:38.000000,2022-01-08T16:07:30.000000,4.0,2.47,11.5,2.0
id2,2022-01-08T15:55:14.000000,2022-01-08T16:15:09.000000,1.0,3.5,15.0,0.0
id4,2022-01-08T16:05:23.000000,2022-01-08T16:10:34.000000,0.0,0.8,5.5,1.76
id8,2022-01-08T16:14:15.000000,2022-01-08T16:58:57.000000,1.0,19.7,52.0,10.0
id0,2022-01-08T16:25:07.000000,2022-01-08T16:31:39.000000,1.0,1.2,7.0,2.06
id0,2022-01-08T16:31:06.000000,2022-01-08T16:41:29.000000,1.0,1.3,8.5,2.35
id7,2022-01-08T16:59:04.000000,2022-01-08T17:05:17.000000,6.0,1.54,7.0,2.34
id6,2022-01-08T17:03:10.000000,2022-01-08T17:20:11.000000,2.0,2.85,13.0,2.0
id7,2022-01-08T17:05:30.000000,2022-01-08T17:15:11.000000,1.0,1.4,8.5,1.0
id3,2022-01-08T17:11:11.000000,2022-01-08T17:17:53.000000,3.0,1.32,7.0,0.0
id6,2022-01-08T17:14:07.000000,2022-01-08T17:21:23.000000,1.0,1.43,7.0,2.06
id7,2022-01-08T17:19:32.000000,2022-01-08T17:27:17.000000,0.0,1.3,7.0,1.0
id7,2022-01-08T17:43:48.000000,2022-01-08T17:53:11.000000,1.0,1.67,8.5,2.36
id3,2022-01-08T18:07:30.000000,2022-01-08T18:18:52.000000,1.0,2.0,9.5,2.55
id6,2022-01-08T18:08:43.000000,2022-01-08T18:12:21.000000,1.0,0.77,5.0,1.11
id1,2022-01-08T18:13:01.000000,2022-01-08T18:22:26.000000,1.0,2.2,9.0,2.45
id8,2022-01-08T18:23:20.000000,2022-01-08T18:32:34.000000,1.0,1.3,7.5,0.0
id3,2022-01-08T18:23:41.000000,2022-01-08T18:32:17.000000,2.0,1.7,8.5,0.8
id8,2022-01-08T18:35:17.000000,2022-01-08T18:54:48.000000,1.0,2.03,13.0,3.26
id2,2022-01-08T18:52:30.000000,2022-01-08T19:04:01.000000,1.0,1.93,9.5,2.56
id8,2022-01-08T18:53:09.000000,2022-01-08T19:18:13.000000,1.0,11.01,33.0,3.0
id3,2022-01-08T18:54:24.000000,2022-01-08T19:11:57.000000,1.0,2.4,13.0,0.0
id5,2022-01-08T19:00:54.000000,2022-01-08T19:27:06.000000,1.0,4.1,17.5,3.0
id8,2022-01-08T19:04:06.000000,2022-01-08T19:15:18.000000,2.0,1.7,9.0,2.45
id4,2022-01-08T19:04:09.000000,2022-01-08T19:09:24.000000,1.0,0.8,5.5,1.0
id0,2022-01-08T19:38:55.000000,2022-01-08T19:43:37.000000,1.0,1.02,6.0,0.0
id3,2022-01-08T19:39:03.000000,2022-01-08T19:45:44.000000,2.0,0.8,6.0,2.0
id3,2022-01-08T19:45:58.000000,2022-01-08T20:01:01.000000,2.0,2.47,11.5,2.96
id1,2022-01-08T20:00:39.000000,2022-01-08T20:08:46.000000,1.0,1.6,7.5,2.0
id4,2022-01-08T20:04:03.000000,2022-01-08T20:35:34.000000,1.0,7.75,27.5,5.0
id1,2022-01-08T20:11:04.000000,2022-01-08T20:20:49.000000,1.0,1.82,9.0,2.56
id2,2022-01-08T20:17:32.000000,2022-01-08T20:24:37.000000,1.0,1.44,7.0,0.0
id6,2022-01-08T20:27:02.000000,2022-01-08T21:00:01.000000,1.0,14.18,42.0,10.0
id2,2022-01-08T20:40:44.000000,2022-01-08T20:47:59.000000,1.0,1.07,6.5,2.06
id4,2022-01-08T21:02:22.000000,2022-01-08T21:12:54.000000,2.0,1.3,8.5,3.65
id0,2022-01-08T21:23:41.000000,2022-01-08T21:28:45.000000,2.0,1.3,6.0,2.9
id4,2022-01-08T21:27:20.000000,2022-01-08T21:40:33.000000,2.0,2.69,11.5,1.0
id6,2022-01-08T21:30:40.000000,2022-01-08T21:41:37.000000,2.0,2.12,10.0,2.76
id8,2022-01-08T21:32:12.000000,2022-01-08T21:42:46.000000,1.0,1.82,9.0,0.0
id5,2022-01-08T21:41:09.000000,2022-01-08T21:51:36.000000,4.0,5.06,15.5,0.0
id8,2022-01-08T22:17:25.000000,2022-01-08T22:27:08.000000,1.0,2.05,8.5,2.46
id1,2022-01-08T22:39:30.000000,2022-01-08T23:06:21.000000,1.0,6.39,23.0,1.0
id7,2022-01-08T23:02:47.000000,2022-01-08T23:04:33.000000,2.0,0.3,3.5,1.46
id4,2022-01-08T23:38:48.000000,2022-01-08T23:49:18.000000,1.0,1.7,8.0,2.95
id7,2022-01-09T00:00:26.000000,2022-01-09T00:21:56.000000,3.0,5.82,19.0,4.56
id4,2022-01-09T00:00:36.000000,2022-01-09T00:04:51.000000,1.0,0.7,5.0,2.2
id0,2022-01-09T01:06:53.000000,2022-01-09T01:08:49.000000,1.0,0.4,3.5,1.46
id5,2022-01-09T01:20:48.000000,2022-01-09T01:40:30.000000,1.0,4.92,18.0,4.36
id7,2022-01-09T01:42:33.000000,2022-01-09T01:50:56.000000,1.0,1.1,6.5,1.03
id6,2022-01-09T01:57:42.000000,2022-01-09T02:04:28.000000,3.0,1.7,7.5,2.26
id6,2022-01-09T02:06:02.000000,2022-01-09T02:09:38.000000,1.0,0.95,5.0,0.0
id6,2022-01-09T02:07:33.000000,2022-01-09T02:12:00.000000,1.0,1.11,5.5,2.0
id3,2022-01-09T02:35:28.000000,2022-01-09T02:53:31.000000,1.0,5.4,18.5,0.0
id4,2022-01-09T03:49:09.000000,2022-01-09T03:57:07.000000,1.0,2.4,9.0,3.8
id0,2022-01-09T03:56:22.000000,2022-01-09T03:59:49.000000,1.0,0.6,4.5,1.0
id0,2022-01-09T06:25:07.000000,2022-01-09T06:35:00.000000,1.0,3.43,11.5,2.0
id4,2022-01-09T06:38:13.000000,2022-01-09T07:05:36.000000,1.0,18.83,52.0,10.0
id5,2022-01-09T06:38:29.000000,2022-01-09T06:44:02.000000,1.0,1.08,6.5,0.0
id0,2022-01-09T07:22:12.000000,2022-01-09T07:34:59.000000,1.0,5.6,18.0,0.0
id3,2022-01-09T07:57:34.000000,2022-01-09T08:14:32.000000,1.0,11.16,31.5,10.06
id6,2022-01-09T08:29:39.000000,2022-01-09T08:34:43.000000,1.0,1.27,6.0,1.86
id8,2022-01-09T09:01:17.000000,2022-01-09T09:06:52.000000,1.0,1.1,6.5,0.0
id0,2022-01-09T09:15:47.000000,2022-01-09T09:24:42.000000,1.0,1.69,8.0,1.13
id2,2022-01-09T09:20:36.000000,2022-01-09T09:34:39.000000,1.0,9.3,26.5,5.95
id3,2022-01-09T10:02:20.000000,2022-01-09T10:13:05.000000,1.0,2.21,10.0,1.0
id4,2022-01-09T10:16:10.000000,2022-01-09T10:20:57.000000,1.0,1.11,6.0,0.93
id4,2022-01-09T10:36:43.000000,2022-01-09T10:44:25.000000,1.0,1.4,7.5,1.5
id6,2022-01-09T10:51:44.000000,2022-01-09T10:55:20.000000,1.0,0.84,4.5,0.0
id0,2022-01-09T11:17:07.000000,2022-01-09T11:27:51.000000,1.0,1.39,8.5,0.0
id5,2022-01-09T11:38:30.000000,2022-01-09T11:49:52.000000,1.0,1.86,9.5,2.0
id2,2022-01-09T12:04:05.000000,2022-01-09T12:16:06.000000,1.0,2.72,11.0,2.86
id2,2022-01-09T13:11:41.000000,2022-01-09T13:19:27.000000,2.0,1.4,7.5,1.5
id1,2022-01-09T13:22:01.000000,2022-01-09T13:31:51.000000,1.0,1.9,9.5,2.55
id7,2022-01-09T13:24:01.000000,2022-01-09T13:25:15.000000,1.0,0.0,3.0,0.0
id7,2022-01-09T13:32:53.000000,2022-01-09T13:59:24.000000,1.0,12.8,36.0,8.0
id8,2022-01-09T13:33:19.000000,2022-01-09T13:43:32.000000,1.0,1.26,8.0,2.26
id2,2022-01-09T13:46:35.000000,2022-01-09T13:56:03.000000,4.0,1.55,8.5,2.36
id4,2022-01-09T13:50:09.000000,2022-01-09T13:56:37.000000,4.0,1.8,7.5,2.16
id4,2022-01-09T13:55:10.000000,2022-01-09T14:06:58.000000,1.0,1.75,9.5,2.56
id0,2022-01-09T14:06:23.000000,2022-01-09T14:10:48.000000,1.0,1.18,5.5,2.64
id7,2022-01-09T14:40:50.000000,2022-01-09T15:14:07.000000,2.0,15.9,44.5,11.6
id2,2022-01-09T14:44:09.000000,2022-01-09T14:49:23.000000,2.0,0.97,6.0,1.86
id0,2022-01-09T14:44:29.000000,2022-01-09T14:55:07.000000,1.0,4.79,15.0,3.66
id1,2022-01-09T15:20:56.000000,2022-01-09T15:39:57.000000,1.0,2.77,15.0,3.16
id1,2022-01-09T15:47:48.000000,2022-01-09T15:55:18.000000,1.0,1.15,7.0,1.54
id8,2022-01-09T15:56:45.000000,2022-01-09T16:04:32.000000,2.0,1.52,7.5,2.7
id1,2022-01-09T16:03:43.000000,2022-01-09T16:20:32.000000,1.0,2.75,13.0,3.26
id1,2022-01-09T16:11:04.000000,2022-01-09T16:44:00.000000,1.0,19.07,50.5,1.0
id7,2022-01-09T16:20:55.000000,2022-01-09T16:24:51.000000,1.0,0.61,4.5,1.56
id5,2022-01-09T17:01:50.000000,2022-01-09T17:11:34.000000,1.0,1.39,8.0,2.0
id8,2022-01-09T17:18:43.000000,2022-01-09T17:51:35.000000,6.0,16.81,52.0,5.0
id6,2022-01-09T17:38:34.000000,2022-01-09T17:58:30.000000,1.0,6.3,20.5,4.0
id4,2022-01-09T17:53:57.000000,2022-01-09T17:57:31.000000,3.0,0.45,-4.0,0.0
id7,2022-01-09T18:19:33.000000,2022-01-09T18:30:25.000000,1.0,1.83,9.0,2.46
id5,2022-01-09T18:26:27.000000,2022-01-09T18:43:45.000000,1.0,3.18,14.5,3.56
id2,2022-01-09T18:46:13.000000,2022-01-09T18:55:05.000000,1.0,3.57,11.0,2.0
id2,2022-01-09T19:11:54.000000,2022-01-09T19:23:21.000000,3.0,2.47,11.0,2.86
id8,2022-01-09T19:12:45.000000,2022-01-09T19:19:48.000000,1.0,0.97,6.5,1.96
id1,2022-01-09T19:28:25.000000,2022-01-09T19:42:09.000000,1.0,2.0,9.5,0.0
id4,2022-01-09T19:31:43.000000,2022-01-09T19:38:37.000000,1.0,1.0,6.5,2.0
id1,2022-01-09T19:31:50.000000,2022-01-09T19:34:06.000000,1.0,0.46,4.0,1.46
id2,2022-01-09T19:33:04.000000,2022-01-09T19:54:03.000000,2.0,8.88,26.5,4.0
id0,2022-01-09T20:30:18.000000,2022-01-09T20:42:20.000000,1.0,3.0,11.5,3.05
id0,2022-01-09T20:34:01.000000,2022-01-09T20:48:46.000000,1.0,2.3,11.5,0.0
id4,2022-01-09T20:41:57.000000,2022-01-09T20:52:46.000000,1.0,2.26,10.5,2.36
id3,2022-01-09T20:57:00.000000,2022-01-09T21:19:54.000000,1.0,14.94,40.0,10.07
id8,2022-01-09T21:05:35.000000,2022-01-09T21:59:02.000000,1.0,46.39,130.0,39.46
id4,2022-01-09T21:57:00.000000,2022-01-09T22:02:31.000000,2.0,1.19,6.5,2.58
id3,2022-01-09T23:00:00.000000,2022-01-09T23:02:45.000000,1.0,0.48,-4.0,0.0
id1,2022-01-09T23:28:35.000000,2022-01-09T23:44:29.000000,1.0,5.18,17.5,4.26
id5,2022-01-09T23:34:02.000000,2022-01-10T00:01:24.000000,1.0,19.03,52.0,8.48
id4,2022-01-10T00:27:04.000000,2022-01-10T00:52:24.000000,1.0,18.94,52.0,12.12
id7,2022-01-10T02:28:22.000000,2022-01-10T02:49:41.000000,1.0,16.23,44.0,9.31
id2,2022-01-10T03:02:51.000000,2022-01-10T03:20:45.000000,1.0,5.84,19.0,0.0
id7,2022-01-10T05:54:27.000000,2022-01-10T06:18:53.000000,1.0,13.7,37.0,0.0
id4,2022-01-10T07:00:43.000000,2022-01-10T07:05:23.000000,6.0,0.91,5.5,1.76
id8,2022-01-10T07:03:06.000000,2022-01-10T07:04:45.000000,1.0,0.5,3.5,1.2
id8,2022-01-10T07:37:46.000000,2022-01-10T07:41:44.000000,2.0,0.75,5.0,2.49
id2,2022-01-10T07:48:41.000000,2022-01-10T07:59:49.000000,1.0,2.5,10.5,2.75
id7,2022-01-10T08:10:58.000000,2022-01-10T08:27:14.000000,1.0,1.61,11.0,2.86
id3,2022-01-10T08:30:01.000000,2022-01-10T08:35:58.000000,1.0,1.3,6.5,1.25
id2,2022-01-10T08:32:24.000000,2022-01-10T08:48:36.000000,1.0,4.14,16.0,0.0
id2,2022-01-10T08:51:29.000000,2022-01-10T08:54:42.000000,1.0,0.7,4.5,2.3
id0,2022-01-10T09:11:48.000000,2022-01-10T09:16:45.000000,1.0,0.95,5.5,0.0
id0,2022-01-10T09:12:35.000000,2022-01-10T09:19:56.000000,1.0,1.25,7.0,2.06
id5,2022-01-10T09:18:12.000000,2022-01-10T09:24:09.000000,1.0,0.92,6.0,0.0
id4,2022-01-10T09:28:26.000000,2022-01-10T09:48:30.000000,1.0,3.81,15.5,2.82
id7,2022-01-10T09:28:32.000000,2022-01-10T09:37:13.000000,2.0,1.18,7.5,2.16
id7,2022-01-10T09:40:10.000000,2022-01-10T09:45:18.000000,1.0,1.0,5.0,0.0
id6,2022-01-10T09:46:35.000000,2022-01-10T09:59:40.000000,1.0,2.37,11.0,3.58
id3,2022-01-10T09:52:10.000000,2022-01-10T09:59:20.000000,1.0,1.0,6.0,3.0
id7,2022-01-10T10:41:42.000000,2022-01-10T10:54:21.000000,1.0,2.07,10.0,2.66
id3,2022-01-10T10:43:26.000000,2022-01-10T11:15:38.000000,1.0,3.8,21.5,0.0
id0,2022-01-10T11:45:47.000000,2022-01-10T11:58:26.000000,1.0,1.9,9.0,2.45
id8,2022-01-10T11:57:57.000000,2022-01-10T12:03:34.000000,2.0,1.04,6.0,1.86
id6,2022-01-10T12:09:56.000000,2022-01-10T12:23:04.000000,1.0,2.03,10.5,0.0
id2,2022-01-10T12:10:30.000000,2022-01-10T12:28:03.000000,1.0,4.9,16.5,3.0
id8,2022-01-10T12:50:08.000000,2022-01-10T13:00:08.000000,1.0,1.47,8.5,1.77
id1,2022-01-10T13:04:13.000000,2022-01-10T13:40:25.000000,1.0,18.22,52.0,12.62
id4,2022-01-10T13:20:34.000000,2022-01-10T13:50:18.000000,1.0,11.7,35.5,15.0
id8,2022-01-10T13:23:26.000000,2022-01-10T13:30:53.000000,1.0,0.82,6.0,0.0
id3,2022-01-10T13:40:11.000000,2022-01-10T13:45:46.000000,1.0,0.73,-5.0,0.0
id2,2022-01-10T13:40:19.000000,2022-01-10T13:47:44.000000,1.0,1.8,8.0,1.0
id5,2022-01-10T13:42:10.000000,2022-01-10T13:51:15.000000,1.0,1.32,8.0,2.0
id0,2022-01-10T13:59:32.000000,2022-01-10T14:15:52.000000,1.0,3.6,15.5,0.0
id3,2022-01-10T14:14:40.000000,2022-01-10T14:21:54.000000,1.0,0.9,6.5,2.45
id8,2022-01-10T14:15:04.000000,2022-01-10T14:19:08.000000,1.0,0.66,5.0,1.66
id5,2022-01-10T14:37:33.000000,2022-01-10T14:50:02.000000,2.0,2.43,11.0,0.01
id0,2022-01-10T14:40:09.000000,2022-01-10T15:09:56.000000,1.0,5.41,23.0,6.0
id6,2022-01-10T14:54:47.000000,2022-01-10T15:12:41.000000,1.0,3.8,15.5,4.7
id5,2022-01-10T15:03:41.000000,2022-01-10T15:33:28.000000,1.0,10.8,33.0,8.8
id5,2022-01-10T15:04:54.000000,2022-01-10T15:17:55.000000,2.0,1.77,10.0,1.33
id4,2022-01-10T15:31:27.000000,2022-01-10T15:55:44.000000,1.0,3.12,16.5,3.96
id4,2022-01-10T15:38:05.000000,2022-01-10T15:49:47.000000,3.0,1.7,9.5,2.55
id1,2022-01-10T15:41:49.000000,2022-01-10T15:48:54.000000,1.0,0.89,6.5,1.96
id3,2022-01-10T15:42:18.000000,2022-01-10T16:00:54.000000,6.0,1.77,12.5,3.16
id1,2022-01-10T15:45:23.000000,2022-01-10T15:51:20.000000,1.0,0.6,5.0,0.0
id2,2022-01-10T15:47:04.000000,2022-01-10T15:54:55.000000,1.0,1.58,7.5,2.16
id2,2022-01-10T15:48:42.000000,2022-01-10T15:59:45.000000,1.0,1.62,9.0,3.69
id7,2022-01-10T15:58:27.000000,2022-01-10T16:06:54.000000,3.0,1.6,8.0,3.05
id2,2022-01-10T16:02:05.000000,2022-01-10T16:08:52.000000,1.0,1.28,7.0,2.06
id8,2022-01-10T16:10:41.000000,2022-01-10T16:16:23.000000,5.0,0.93,5.5,1.96
id8,2022-01-10T16:18:38.000000,2022-01-10T16:34:53.000000,3.0,3.08,13.0,0.0
id7,2022-01-10T16:20:05.000000,2022-01-10T16:34:15.000000,2.0,3.4,12.5,0.0
id7,2022-01-10T16:51:08.000000,2022-01-10T16:54:45.000000,1.0,0.4,4.0,1.49
id0,2022-01-10T17:15:13.000000,2022-01-10T17:26:28.000000,1.0,2.28,10.0,2.86
id1,2022-01-10T17:20:37.000000,2022-01-10T17:28:36.000000,1.0,1.51,7.5,0.0
id5,2022-01-10T17:30:11.000000,2022-01-10T17:49:08.000000,0.0,3.3,15.0,3.0
id3,2022-01-10T17:37:02.000000,2022-01-10T17:50:04.000000,1.0,2.43,11.0,3.06
id3,2022-01-10T18:14:24.000000,2022-01-10T18:27:36.000000,1.0,2.0,10.5,2.95
id2,2022-01-10T18:41:49.000000,2022-01-10T18:49:13.000000,1.0,1.74,7.5,1.0
id7,2022-01-10T18:47:31.000000,2022-01-10T18:58:18.000000,1.0,2.7,10.5,1.0
id6,2022-01-10T18:51:24.000000,2022-01-10T19:22:19.000000,1.0,19.5,52.0,16.85
id3,2022-01-10T19:08:58.000000,2022-01-10T19:25:08.000000,1.0,2.52,12.5,0.0
id5,2022-01-10T19:24:42.000000,2022-01-10T19:34:10.000000,5.0,2.43,9.5,2.76
id0,2022-01-10T19:29:13.000000,2022-01-10T19:54:22.000000,1.0,13.0,36.5,9.45
id1,2022-01-10T20:29:05.000000,2022-01-10T20:32:32.000000,1.0,0.8,4.5,1.25
id4,2022-01-10T20:36:09.000000,2022-01-10T20:44:23.000000,1.0,2.02,8.5,2.25
id4,2022-01-10T20:37:17.000000,2022-01-10T21:06:50.000000,1.0,18.44,52.0,12.37
id1,2022-01-10T20:51:06.000000,2022-01-10T20:56:58.000000,1.0,1.39,6.5,0.0
id3,2022-01-10T21:20:17.000000,2022-01-10T21:32:41.000000,2.0,2.58,11.0,3.7
id3,2022-01-10T21:21:17.000000,2022-01-10T21:25:42.000000,1.0,1.06,5.5,0.0
id1,2022-01-10T22:51:48.000000,2022-01-10T22:55:37.000000,1.0,0.85,5.0,1.76
id6,2022-01-10T23:05:08.000000,2022-01-10T23:10:23.000000,1.0,1.15,6.0,1.96
id8,2022-01-10T23:32:06.000000,2022-01-10T23:44:00.000000,1.0,2.8,11.0,2.96
id0,2022-01-11T00:14:45.000000,2022-01-11T00:31:44.000000,1.0,5.72,19.5,3.5
id2,2022-01-11T02:05:25.000000,2022-01-11T02:20:24.000000,1.0,3.35,13.5,3.46
id3,2022-01-11T06:26:44.000000,2022-01-11T06:49:03.000000,1.0,3.6,16.5,3.95
id6,2022-01-11T06:57:45.000000,2022-01-11T07:12:52.000000,2.0,3.75,13.5,4.2
id7,2022-01-11T07:13:22.000000,2022-01-11T07:24:26.000000,1.0,1.55,9.0,1.2
id2,2022-01-11T07:17:09.000000,2022-01-11T07:27:58.000000,1.0,2.82,10.5,0.0
id5,2022-01-11T07:23:17.000000,2022-01-11T07:39:34.000000,1.0,3.09,13.0,3.26
id0,2022-01-11T07:29:53.000000,2022-01-11T07:38:58.000000,4.0,2.22,9.0,1.7
id3,2022-01-11T07:48:36.000000,2022-01-11T08:00:51.000000,1.0,2.32,11.5,1.0
id5,2022-01-11T07:54:09.000000,2022-01-11T07:59:17.000000,1.0,0.98,6.0,0.0
id6,2022-01-11T08:04:02.000000,2022-01-11T08:14:53.000000,1.0,1.16,8.0,2.0
id6,2022-01-11T08:04:50.000000,2022-01-11T08:08:42.000000,2.0,0.78,4.5,0.0
id5,2022-01-11T08:25:45.000000,2022-01-11T08:33:37.000000,1.0,1.3,7.0,2.05
id5,2022-01-11T08:28:29.000000,2022-01-11T08:53:44.000000,1.0,5.31,20.5,1.0
id0,2022-01-11T08:34:23.000000,2022-01-11T08:40:44.000000,1.0,0.9,6.0,0.0
id0,2022-01-11T08:39:15.000000,2022-01-11T09:03:58.000000,1.0,3.76,17.0,5.0
id5,2022-01-11T08:40:50.000000,2022-01-11T08:48:01.000000,1.0,0.81,6.5,1.96
id3,2022-01-11T08:52:54.000000,2022-01-11T09:06:23.000000,1.0,2.5,11.0,2.85
id6,2022-01-11T09:07:12.000000,2022-01-11T09:11:12.000000,1.0,0.82,5.0,1.66
id5,2022-01-11T09:15:36.000000,2022-01-11T09:24:23.000000,1.0,1.12,7.5,2.16
id8,2022-01-11T09:32:54.000000,2022-01-11T09:48:50.000000,1.0,4.5,16.0,3.85
id0,2022-01-11T09:35:36.000000,2022-01-11T09:46:20.000000,1.0,1.44,9.0,1.84
id8,2022-01-11T09:41:29.000000,2022-01-11T09:46:52.000000,0.0,1.0,5.5,0.0
id4,2022-01-11T09:44:47.000000,2022-01-11T09:57:27.000000,1.0,1.84,10.0,0.0
id4,2022-01-11T11:30:28.000000,2022-01-11T11:30:40.000000,1.0,0.0,-2.5,0.0
id6,2022-01-11T11:31:02.000000,2022-01-11T12:18:22.000000,1.0,20.5,52.0,11.31
id7,2022-01-11T11:48:59.000000,2022-01-11T11:56:47.000000,1.0,1.2,7.0,2.05
id8,2022-01-11T11:59:09.000000,2022-01-11T12:05:14.000000,2.0,0.7,5.5,1.75
id1,2022-01-11T12:04:12.000000,2022-01-11T12:14:32.000000,1.0,1.42,8.5,2.36
id1,2022-01-11T12:13:11.000000,2022-01-11T12:19:54.000000,1.0,1.28,7.0,0.0
id2,2022-01-11T12:21:43.000000,2022-01-11T12:24:49.000000,2.0,0.56,4.5,1.0
id7,2022-01-11T12:30:00.000000,2022-01-11T12:51:17.000000,2.0,3.58,16.5,3.96
id7,2022-01-11T12:36:03.000000,2022-01-11T12:53:59.000000,3.0,2.5,13.0,2.0
id2,2022-01-11T12:42:45.000000,2022-01-11T12:52:03.000000,1.0,1.2,7.0,2.05
id6,2022-01-11T14:59:44.000000,2022-01-11T15:01:31.000000,3.0,0.23,3.0,1.0
id8,2022-01-11T15:12:41.000000,2022-01-11T15:20:42.000000,1.0,0.7,6.5,1.47
id6,2022-01-11T15:18:51.000000,2022-01-11T15:24:52.000000,1.0,1.1,6.5,1.95
id2,2022-01-11T15:27:02.000000,2022-01-11T15:37:10.000000,1.0,2.1,9.5,0.0
id6,2022-01-11T15:50:15.000000,2022-01-11T15:53:49.000000,1.0,0.48,4.0,1.46
id2,2022-01-11T16:03:08.000000,2022-01-11T16:27:37.000000,1.0,2.84,17.5,4.16
id3,2022-01-11T16:09:24.000000,2022-01-11T16:59:00.000000,1.0,12.53,42.5,0.0
id6,2022-01-11T16:20:16.000000,2022-01-11T16:31:56.000000,5.0,1.26,9.0,2.66
id6,2022-01-11T16:21:17.000000,2022-01-11T16:27:11.000000,1.0,0.8,5.0,0.0
id4,2022-01-11T16:24:55.000000,2022-01-11T16:27:38.000000,1.0,0.3,3.5,1.55
id5,2022-01-11T16:38:04.000000,2022-01-11T16:42:01.000000,2.0,0.5,4.5,0.0
id5,2022-01-11T16:44:26.000000,2022-01-11T17:27:38.000000,1.0,7.34,30.5,8.7
id3,2022-01-11T17:13:29.000000,2022-01-11T17:18:21.000000,1.0,0.69,5.0,0.93
id7,2022-01-11T17:18:41.000000,2022-01-11T17:38:54.000000,1.0,3.45,16.0,3.0
id4,2022-01-11T17:23:18.000000,2022-01-11T17:30:50.000000,1.0,1.06,6.5,1.0
id0,2022-01-11T17:48:43.000000,2022-01-11T18:11:02.000000,1.0,7.91,24.0,0.0
id4,2022-01-11T17:55:12.000000,2022-01-11T17:58:17.000000,2.0,0.4,4.0,0.0
id8,2022-01-11T18:14:29.000000,2022-01-11T18:18:31.000000,1.0,1.05,5.0,1.86
id5,2022-01-11T18:26:47.000000,2022-01-11T18:32:29.000000,5.0,1.04,6.0,2.06
id8,2022-01-11T18:27:51.000000,2022-01-11T18:38:55.000000,1.0,2.31,10.5,2.96
id0,2022-01-11T18:28:27.000000,2022-01-11T18:31:28.000000,1.0,0.6,4.0,1.65
id6,2022-01-11T18:32:24.000000,2022-01-11T18:42:45.000000,1.0,1.49,8.5,2.56
id3,2022-01-11T19:02:21.000000,2022-01-11T19:04:59.000000,1.0,0.43,4.0,1.66
id4,2022-01-11T19:06:55.000000,2022-01-11T19:08:22.000000,1.0,0.49,3.5,1.56
id7,2022-01-11T19:12:33.000000,2022-01-11T19:20:14.000000,1.0,1.0,7.0,2.25
id4,2022-01-11T19:13:57.000000,2022-01-11T19:21:47.000000,5.0,1.03,6.5,2.16
id4,2022-01-11T19:20:21.000000,2022-01-11T19:20:21.000000,1.0,0.0,8.0,0.0
id6,2022-01-11T19:40:34.000000,2022-01-11T19:48:41.000000,1.0,1.6,8.0,1.23
id6,2022-01-11T20:03:12.000000,2022-01-11T20:09:55.000000,1.0,1.08,6.5,2.16
id0,2022-01-11T20:30:31.000000,2022-01-11T20:35:30.000000,1.0,1.0,5.5,0.0
id6,2022-01-11T22:08:09.000000,2022-01-11T22:23:09.000000,1.0,4.3,14.5,3.66
id5,2022-01-11T22:09:48.000000,2022-01-11T22:20:17.000000,1.0,1.96,9.0,10.0
id3,2022-01-11T22:21:26.000000,2022-01-11T22:26:36.000000,2.0,0.97,5.5,1.86
id6,2022-01-11T22:23:19.000000,2022-01-11T22:28:28.000000,1.0,0.8,5.5,1.85
id3,2022-01-11T22:50:15.000000,2022-01-11T22:59:05.000000,1.0,3.14,11.5,0.0
id5,2022-01-11T23:07:01.000000,2022-01-11T23:31:25.000000,2.0,5.22,20.0,4.76
id5,2022-01-11T23:18:20.000000,2022-01-11T23:23:39.000000,1.0,1.25,6.5,1.03
id4,2022-01-11T23:34:37.000000,2022-01-11T23:48:43.000000,1.0,8.67,24.0,6.87
id1,2022-01-11T23:43:16.000000,2022-01-11T23:48:52.000000,2.0,1.3,6.5,2.06
id8,2022-01-12T00:03:01.000000,2022-01-12T00:22:46.000000,1.0,5.96,19.5,0.0
id7,2022-01-12T00:46:54.000000,2022-01-12T00:54:15.000000,1.0,1.65,7.5,2.26
id1,2022-01-12T03:59:41.000000,2022-01-12T04:10:42.000000,1.0,5.21,16.5,4.06
id4,2022-01-12T04:37:03.000000,2022-01-12T04:52:40.000000,1.0,9.6,27.0,7.45
id5,2022-01-12T07:08:03.000000,2022-01-12T07:15:30.000000,1.0,2.1,8.5,0.0
id6,2022-01-12T07:54:51.000000,2022-01-12T08:01:14.000000,3.0,0.81,6.0,0.8
id0,2022-01-12T07:57:13.000000,2022-01-12T08:14:00.000000,1.0,2.96,13.5,1.0
id5,2022-01-12T08:02:20.000000,2022-01-12T08:33:43.000000,1.0,3.5,20.0,6.0
id3,2022-01-12T08:27:21.000000,2022-01-12T08:33:08.000000,2.0,1.23,6.5,0.0
id1,2022-01-12T08:35:59.000000,2022-01-12T08:45:05.000000,1.0,1.46,8.0,2.83
id2,2022-01-12T08:41:04.000000,2022-01-12T08:52:48.000000,1.0,1.19,9.0,0.0
id6,2022-01-12T08:50:21.000000,2022-01-12T08:52:30.000000,3.0,0.91,4.5,0.0
id8,2022-01-12T08:52:36.000000,2022-01-12T09:09:43.000000,1.0,2.37,12.5,0.0
id6,2022-01-12T09:05:55.000000,2022-01-12T09:22:40.000000,1.0,3.02,13.5,5.04
id3,2022-01-12T09:14:50.000000,2022-01-12T09:19:51.000000,2.0,1.3,6.0,0.0
id3,2022-01-12T09:26:54.000000,2022-01-12T09:36:33.000000,1.0,1.3,8.0,3.35
id0,2022-01-12T09:39:53.000000,2022-01-12T09:53:34.000000,1.0,2.01,10.5,0.0
id1,2022-01-12T09:47:46.000000,2022-01-12T09:53:44.000000,1.0,1.2,6.0,0.93
id7,2022-01-12T10:17:41.000000,2022-01-12T10:27:03.000000,6.0,2.62,10.0,2.66
id1,2022-01-12T10:39:05.000000,2022-01-12T10:48:31.000000,1.0,1.1,7.5,2.16
id6,2022-01-12T11:01:20.000000,2022-01-12T11:06:35.000000,1.0,0.95,5.5,1.0
id1,2022-01-12T11:06:55.000000,2022-01-12T11:10:04.000000,1.0,0.39,-4.0,0.0
id5,2022-01-12T11:11:53.000000,2022-01-12T11:21:18.000000,1.0,1.3,8.0,1.0
id0,2022-01-12T11:40:14.000000,2022-01-12T11:50:05.000000,1.0,1.42,8.0,2.26
id8,2022-01-12T11:52:42.000000,2022-01-12T12:05:03.000000,1.0,2.3,10.5,0.0
id8,2022-01-12T12:30:25.000000,2022-01-12T12:36:32.000000,2.0,1.03,6.0,0.0
id0,2022-01-12T12:49:15.000000,2022-01-12T12:59:51.000000,1.0,1.84,9.0,2.46
id1,2022-01-12T12:52:22.000000,2022-01-12T13:02:16.000000,1.0,1.25,8.0,2.26
id6,2022-01-12T12:53:17.000000,2022-01-12T13:11:27.000000,2.0,6.19,20.5,3.57
id0,2022-01-12T12:57:45.000000,2022-01-12T13:05:22.000000,1.0,1.6,7.5,0.0
id7,2022-01-12T13:48:41.000000,2022-01-12T13:58:45.000000,1.0,1.08,8.0,2.0
id5,2022-01-12T14:31:44.000000,2022-01-12T14:37:10.000000,1.0,0.74,5.5,0.0
id4,2022-01-12T14:36:33.000000,2022-01-12T14:47:16.000000,1.0,1.93,9.0,1.0
id4,2022-01-12T14:42:02.000000,2022-01-12T14:57:13.000000,2.0,2.76,12.0,4.59
id7,2022-01-12T15:01:03.000000,2022-01-12T15:41:59.000000,3.0,8.03,32.0,0.0
id1,2022-01-12T15:19:55.000000,2022-01-12T15:25:26.000000,1.0,0.82,5.5,0.0
id4,2022-01-12T16:23:07.000000,2022-01-12T16:31:55.000000,5.0,1.25,7.5,2.36
id8,2022-01-12T16:24:19.000000,2022-01-12T16:29:29.000000,1.0,0.83,5.5,1.96
id6,2022-01-12T16:37:44.000000,2022-01-12T16:41:43.000000,2.0,0.6,4.5,3.0
id3,2022-01-12T16:42:52.000000,2022-01-12T16:47:06.000000,1.0,1.2,5.5,1.95
id7,2022-01-12T16:52:00.000000,2022-01-12T17:06:22.000000,1.0,2.1,11.0,3.05
id3,2022-01-12T16:56:54.000000,2022-01-12T17:03:33.000000,1.0,1.03,6.5,2.26
id6,2022-01-12T17:14:47.000000,2022-01-12T17:24:08.000000,1.0,0.9,7.5,0.0
id0,2022-01-12T17:16:54.000000,2022-01-12T17:58:27.000000,1.0,18.5,52.0,13.5
id2,2022-01-12T17:19:04.000000,2022-01-12T17:27:29.000000,1.0,0.95,7.0,2.26
id0,2022-01-12T17:33:50.000000,2022-01-12T18:20:02.000000,1.0,11.68,37.5,0.0
id3,2022-01-12T17:36:14.000000,2022-01-12T18:07:12.000000,1.0,17.06,52.0,0.0
id7,2022-01-12T18:08:06.000000,2022-01-12T18:15:24.000000,1.0,1.1,6.5,0.0
id4,2022-01-12T18:08:41.000000,2022-01-12T18:26:47.000000,1.0,1.9,12.5,4.2
id2,2022-01-12T18:17:57.000000,2022-01-12T18:24:27.000000,1.0,0.7,6.0,2.55
id2,2022-01-12T18:24:59.000000,2022-01-12T18:36:29.000000,1.0,1.57,9.0,2.66
id1,2022-01-12T18:27:46.000000,2022-01-12T18:36:44.000000,1.0,0.8,7.0,0.0
id1,2022-01-12T18:40:34.000000,2022-01-12T19:02:21.000000,1.0,3.8,16.5,4.15
id5,2022-01-12T18:51:58.000000,2022-01-12T19:03:11.000000,1.0,2.13,9.5,2.76
id6,2022-01-12T19:13:23.000000,2022-01-12T19:30:20.000000,1.0,4.21,15.5,3.96
id8,2022-01-12T19:21:57.000000,2022-01-12T19:28:35.000000,1.0,0.75,6.0,1.03
id2,2022-01-12T19:37:46.000000,2022-01-12T19:42:56.000000,1.0,1.83,7.0,2.26
id7,2022-01-12T19:41:48.000000,2022-01-12T19:48:21.000000,1.0,1.1,6.5,3.0
id7,2022-01-12T20:17:27.000000,2022-01-12T20:33:32.000000,1.0,3.8,14.0,3.0
id8,2022-01-12T20:40:24.000000,2022-01-12T20:48:08.000000,1.0,1.75,7.5,2.26
id8,2022-01-12T20:52:03.000000,2022-01-12T21:09:46.000000,1.0,2.79,14.0,0.0
id8,2022-01-12T21:01:37.000000,2022-01-12T21:06:49.000000,5.0,0.95,5.5,1.86
id4,2022-01-12T21:06:13.000000,2022-01-12T21:13:12.000000,1.0,1.48,7.5,1.7
id0,2022-01-12T21:31:31.000000,2022-01-12T21:54:05.000000,1.0,5.86,20.5,4.86
id6,2022-01-12T21:33:33.000000,2022-01-12T21:40:31.000000,1.0,1.52,7.5,1.0
id5,2022-01-12T21:57:32.000000,2022-01-12T22:12:39.000000,1.0,3.3,13.5,2.0
id3,2022-01-12T22:02:23.000000,2022-01-12T22:28:11.000000,1.0,4.98,20.5,0.0
id1,2022-01-12T22:03:01.000000,2022-01-12T22:19:27.000000,4.0,2.77,12.5,1.0
id6,2022-01-12T22:06:51.000000,2022-01-12T22:09:58.000000,1.0,0.45,4.0,0.0
id2,2022-01-12T22:25:46.000000,2022-01-12T22:30:14.000000,1.0,1.46,6.0,1.96
id6,2022-01-12T22:26:56.000000,2022-01-12T22:39:45.000000,1.0,2.8,9.5,2.65
id5,2022-01-12T22:37:32.000000,2022-01-12T22:47:22.000000,1.0,2.01,9.0,2.56
id3,2022-01-12T22:58:34.000000,2022-01-12T23:11:12.000000,2.0,3.3,12.5,4.05
id5,2022-01-13T02:02:34.000000,2022-01-13T02:08:07.000000,1.0,0.87,5.5,0.0
id4,2022-01-13T06:42:32.000000,2022-01-13T06:49:06.000000,2.0,0.97,6.5,1.0
id4,2022-01-13T06:47:10.000000,2022-01-13T06:56:05.000000,1.0,2.6,10.0,2.0
id7,2022-01-13T07:38:50.000000,2022-01-13T07:49:30.000000,1.0,2.77,10.5,2.76
id5,2022-01-13T08:07:56.000000,2022-01-13T08:25:45.000000,2.0,4.79,18.0,4.26
id1,2022-01-13T08:16:35.000000,2022-01-13T08:21:41.000000,1.0,0.83,5.5,2.2
id5,2022-01-13T08:31:56.000000,2022-01-13T08:57:24.000000,1.0,3.7,18.5,0.0
id0,2022-01-13T08:33:57.000000,2022-01-13T09:09:41.000000,1.0,16.93,52.0,12.37
id3,2022-01-13T08:50:44.000000,2022-01-13T09:12:39.000000,1.0,3.4,16.0,4.8
id8,2022-01-13T10:04:06.000000,2022-01-13T10:12:20.000000,1.0,1.25,7.0,0.0
id7,2022-01-13T10:19:42.000000,2022-01-13T10:41:11.000000,1.0,3.71,17.0,5.08
id0,2022-01-13T10:58:57.000000,2022-01-13T11:04:44.000000,1.0,0.78,5.5,1.0
id2,2022-01-13T11:22:26.000000,2022-01-13T11:29:28.000000,1.0,1.75,7.5,2.16
id3,2022-01-13T11:49:34.000000,2022-01-13T12:00:55.000000,1.0,1.0,6.5,0.0
id8,2022-01-13T12:26:40.000000,2022-01-13T12:43:46.000000,2.0,3.5,15.0,3.65
id4,2022-01-13T12:57:50.000000,2022-01-13T13:03:33.000000,1.0,0.59,5.5,1.76
id0,2022-01-13T13:13:45.000000,2022-01-13T13:43:18.000000,4.0,11.32,35.0,8.97
id7,2022-01-13T13:23:29.000000,2022-01-13T13:48:24.000000,1.0,2.82,17.0,4.06
id3,2022-01-13T13:35:50.000000,2022-01-13T13:51:55.000000,1.0,2.0,11.5,1.0
id0,2022-01-13T13:36:54.000000,2022-01-13T13:42:12.000000,1.0,0.96,6.0,1.86
id3,2022-01-13T13:56:20.000000,2022-01-13T13:59:12.000000,1.0,0.49,4.0,0.0
id6,2022-01-13T14:20:44.000000,2022-01-13T14:31:32.000000,1.0,1.04,8.0,2.26
id8,2022-01-13T14:27:08.000000,2022-01-13T14:44:13.000000,1.0,5.06,18.0,0.0
id3,2022-01-13T14:28:21.000000,2022-01-13T15:14:11.000000,1.0,11.9,41.0,6.95
id7,2022-01-13T14:42:24.000000,2022-01-13T14:49:13.000000,1.0,0.69,6.0,1.86
id7,2022-01-13T14:44:48.000000,2022-01-13T15:03:40.000000,1.0,7.06,23.5,6.17
id7,2022-01-13T15:05:51.000000,2022-01-13T15:11:14.000000,1.0,1.3,6.0,0.0
id3,2022-01-13T15:11:12.000000,2022-01-13T15:16:31.000000,2.0,0.5,5.0,0.0
id1,2022-01-13T15:11:23.000000,2022-01-13T15:23:33.000000,1.0,1.6,9.5,2.56
id6,2022-01-13T15:12:01.000000,2022-01-13T15:17:33.000000,1.0,0.8,5.5,1.26
id2,2022-01-13T15:13:24.000000,2022-01-13T15:18:49.000000,2.0,0.8,5.5,0.0
id5,2022-01-13T15:19:09.000000,2022-01-13T15:40:02.000000,1.0,4.61,18.0,5.33
id3,2022-01-13T15:19:25.000000,2022-01-13T15:46:55.000000,1.0,4.46,19.5,4.56
id5,2022-01-13T15:27:19.000000,2022-01-13T15:32:44.000000,1.0,1.11,6.0,1.0
id0,2022-01-13T15:30:18.000000,2022-01-13T15:45:35.000000,1.0,3.4,13.0,0.0
id5,2022-01-13T15:34:11.000000,2022-01-13T15:45:00.000000,1.0,1.27,8.5,2.95
id4,2022-01-13T15:36:47.000000,2022-01-13T15:42:16.000000,1.0,0.7,5.0,3.0
id7,2022-01-13T15:58:29.000000,2022-01-13T16:03:16.000000,1.0,0.6,4.5,1.56
id0,2022-01-13T15:58:55.000000,2022-01-13T16:10:40.000000,2.0,2.3,10.0,2.85
id0,2022-01-13T16:17:29.000000,2022-01-13T16:29:27.000000,1.0,3.25,12.0,2.0
id4,2022-01-13T16:23:55.000000,2022-01-13T16:29:04.000000,3.0,0.55,5.0,1.86
id3,2022-01-13T16:34:38.000000,2022-01-13T17:44:47.000000,1.0,18.27,128.0,26.01
id2,2022-01-13T16:36:56.000000,2022-01-13T17:28:10.000000,1.0,8.04,34.5,11.64
id8,2022-01-13T17:14:21.000000,2022-01-13T17:38:44.000000,1.0,4.34,17.5,0.0
id7,2022-01-13T17:18:15.000000,2022-01-13T17:31:24.000000,1.0,1.67,10.0,2.86
id2,2022-01-13T17:22:58.000000,2022-01-13T17:42:00.000000,1.0,2.23,13.5,2.67
id3,2022-01-13T17:34:10.000000,2022-01-13T17:39:08.000000,1.0,1.15,6.0,2.06
id5,2022-01-13T17:36:40.000000,2022-01-13T17:55:57.000000,1.0,3.32,15.0,2.0
id4,2022-01-13T18:07:20.000000,2022-01-13T18:16:37.000000,1.0,1.68,8.0,2.46
id2,2022-01-13T18:10:02.000000,2022-01-13T18:33:02.000000,1.0,3.35,16.0,3.0
id6,2022-01-13T18:12:16.000000,2022-01-13T18:27:06.000000,1.0,1.64,10.5,2.96
id6,2022-01-13T18:19:11.000000,2022-01-13T18:23:30.000000,1.0,0.8,5.0,1.85
id1,2022-01-13T18:30:29.000000,2022-01-13T18:41:38.000000,1.0,1.66,9.0,0.0
id7,2022-01-13T18:32:09.000000,2022-01-13T19:17:41.000000,2.0,18.4,52.0,0.0
id5,2022-01-13T18:54:04.000000,2022-01-13T19:01:48.000000,6.0,1.67,7.5,2.36
id4,2022-01-13T19:03:05.000000,2022-01-13T19:24:22.000000,2.0,2.95,14.5,3.76
id6,2022-01-13T19:12:51.000000,2022-01-13T19:30:12.000000,1.0,3.77,14.5,4.7
id2,2022-01-13T19:29:43.000000,2022-01-13T19:36:07.000000,1.0,1.0,6.5,0.0
id6,2022-01-13T20:04:58.000000,2022-01-13T20:30:05.000000,1.0,5.96,22.0,3.87
id3,2022-01-13T20:22:39.000000,2022-01-13T20:41:34.000000,1.0,4.09,15.5,4.83
id3,2022-01-13T20:38:16.000000,2022-01-13T20:44:18.000000,1.0,1.65,7.5,4.5
id3,2022-01-13T20:42:36.000000,2022-01-13T20:49:52.000000,1.0,1.95,8.0,2.36
id5,2022-01-13T21:40:50.000000,2022-01-13T21:45:20.000000,1.0,0.75,5.0,1.32
id6,2022-01-13T22:22:44.000000,2022-01-13T22:43:04.000000,1.0,14.26,38.5,5.0
id1,2022-01-13T22:42:45.000000,2022-01-13T22:48:17.000000,2.0,1.48,6.5,3.09
id3,2022-01-13T22:43:41.000000,2022-01-13T22:51:02.000000,5.0,1.78,8.0,2.36
id1,2022-01-13T23:02:18.000000,2022-01-13T23:08:49.000000,1.0,1.97,7.5,2.26
id2,2022-01-13T23:11:24.000000,2022-01-13T23:17:41.000000,1.0,1.07,6.0,0.0
id2,2022-01-13T23:12:16.000000,2022-01-13T23:28:49.000000,1.0,10.58,29.0,2.0
id4,2022-01-14T00:19:46.000000,2022-01-14T00:37:00.000000,1.0,5.7,17.5,0.0
id5,2022-01-14T06:10:35.000000,2022-01-14T06:14:26.000000,1.0,1.02,5.5,0.0
id7,2022-01-14T06:50:08.000000,2022-01-14T07:00:58.000000,1.0,2.0,9.5,2.05
id1,2022-01-14T07:26:34.000000,2022-01-14T07:36:25.000000,1.0,1.77,9.0,0.0
id1,2022-01-14T07:44:25.000000,2022-01-14T08:51:22.000000,1.0,15.6,52.0,12.35
id2,2022-01-14T07:47:21.000000,2022-01-14T08:04:20.000000,1.0,5.2,18.5,3.0
id6,2022-01-14T07:48:21.000000,2022-01-14T08:00:44.000000,1.0,5.6,18.0,4.26
id2,2022-01-14T08:26:17.000000,2022-01-14T08:31:39.000000,1.0,0.91,5.5,1.76
id7,2022-01-14T08:50:13.000000,2022-01-14T09:01:35.000000,2.0,1.35,8.5,2.0
id2,2022-01-14T09:21:52.000000,2022-01-14T09:31:54.000000,1.0,0.9,7.5,0.0
id1,2022-01-14T09:41:08.000000,2022-01-14T09:55:09.000000,1.0,2.06,11.0,0.0
id4,2022-01-14T10:21:35.000000,2022-01-14T10:32:28.000000,1.0,1.39,8.5,0.0
id7,2022-01-14T10:24:47.000000,2022-01-14T10:35:11.000000,2.0,1.79,9.0,2.46
id7,2022-01-14T10:25:13.000000,2022-01-14T10:35:33.000000,2.0,1.35,8.0,0.0
id3,2022-01-14T11:01:09.000000,2022-01-14T11:05:51.000000,0.0,0.6,5.0,1.65
id2,2022-01-14T11:29:54.000000,2022-01-14T11:36:35.000000,0.0,0.8,6.5,1.95
id5,2022-01-14T11:42:09.000000,2022-01-14T12:15:12.000000,2.0,10.54,35.0,4.48
id2,2022-01-14T12:28:08.000000,2022-01-14T12:35:05.000000,1.0,0.82,6.5,1.46
id2,2022-01-14T12:35:06.000000,2022-01-14T13:06:41.000000,1.0,19.3,52.0,12.35
id2,2022-01-14T12:47:32.000000,2022-01-14T13:06:25.000000,1.0,2.1,13.5,3.0
id8,2022-01-14T12:52:56.000000,2022-01-14T13:15:27.000000,1.0,3.98,17.5,4.16
id8,2022-01-14T13:02:59.000000,2022-01-14T13:20:44.000000,1.0,2.5,13.0,0.0
id3,2022-01-14T13:09:03.000000,2022-01-14T13:14:38.000000,2.0,1.08,6.0,0.0
id6,2022-01-14T13:09:36.000000,2022-01-14T13:16:55.000000,1.0,1.3,6.0,2.0
id4,2022-01-14T13:10:08.000000,2022-01-14T13:35:51.000000,1.0,9.61,30.0,12.33
id3,2022-01-14T13:15:27.000000,2022-01-14T13:22:48.000000,2.0,1.34,7.0,1.0
id5,2022-01-14T13:36:05.000000,2022-01-14T13:45:17.000000,0.0,1.0,7.5,0.0
id1,2022-01-14T13:36:21.000000,2022-01-14T13:50:38.000000,1.0,2.09,11.0,2.14
id0,2022-01-14T13:36:34.000000,2022-01-14T13:42:00.000000,2.0,0.72,5.5,0.0
id5,2022-01-14T13:40:31.000000,2022-01-14T14:06:31.000000,1.0,4.12,18.5,4.36
id0,2022-01-14T13:49:21.000000,2022-01-14T14:05:37.000000,1.0,2.76,12.5,3.16
id1,2022-01-14T13:52:08.000000,2022-01-14T13:59:55.000000,5.0,1.21,7.0,0.0
id7,2022-01-14T14:20:59.000000,2022-01-14T14:28:42.000000,1.0,1.3,7.0,2.55
id2,2022-01-14T14:29:13.000000,2022-01-14T14:35:06.000000,1.0,0.5,5.5,0.0
id3,2022-01-14T14:34:43.000000,2022-01-14T14:52:42.000000,2.0,1.66,12.0,3.06
id5,2022-01-14T14:37:38.000000,2022-01-14T14:51:44.000000,2.0,1.77,10.5,2.76
id1,2022-01-14T14:42:39.000000,2022-01-14T14:49:16.000000,2.0,1.24,6.5,1.96
id7,2022-01-14T14:44:45.000000,2022-01-14T15:04:08.000000,1.0,2.9,13.5,3.36
id5,2022-01-14T14:47:57.000000,2022-01-14T14:59:02.000000,1.0,1.71,9.5,2.3
id1,2022-01-14T15:00:31.000000,2022-01-14T15:16:42.000000,1.0,2.4,12.5,3.16
id6,2022-01-14T15:08:10.000000,2022-01-14T15:12:24.000000,1.0,0.72,5.0,2.08
id7,2022-01-14T15:21:39.000000,2022-01-14T15:28:00.000000,1.0,1.1,6.5,0.0
id5,2022-01-14T15:29:07.000000,2022-01-14T15:33:00.000000,5.0,0.54,4.5,0.0
id2,2022-01-14T15:53:41.000000,2022-01-14T15:59:58.000000,1.0,1.2,6.5,0.0
id7,2022-01-14T16:07:50.000000,2022-01-14T16:15:11.000000,2.0,1.41,7.0,0.0
id4,2022-01-14T16:24:36.000000,2022-01-14T16:32:52.000000,1.0,1.57,7.5,2.36
id2,2022-01-14T16:30:54.000000,2022-01-14T16:42:03.000000,1.0,1.99,9.5,2.76
id0,2022-01-14T17:14:39.000000,2022-01-14T17:25:35.000000,1.0,1.69,9.0,2.66
id6,2022-01-14T17:15:23.000000,2022-01-14T17:19:34.000000,2.0,1.1,5.5,2.45
id1,2022-01-14T17:16:43.000000,2022-01-14T17:24:05.000000,5.0,1.62,7.5,2.36
id5,2022-01-14T17:33:56.000000,2022-01-14T17:41:51.000000,1.0,0.5,6.0,3.1
id8,2022-01-14T17:58:20.000000,2022-01-14T18:10:28.000000,1.0,2.33,10.0,5.0
id6,2022-01-14T18:09:17.000000,2022-01-14T18:16:02.000000,1.0,1.64,7.0,1.0
id8,2022-01-14T18:19:51.000000,2022-01-14T18:31:19.000000,1.0,2.2,9.5,0.0
id0,2022-01-14T18:20:51.000000,2022-01-14T18:34:09.000000,1.0,1.07,9.0,0.0
id4,2022-01-14T18:32:26.000000,2022-01-14T18:50:36.000000,2.0,5.57,18.0,5.58
id2,2022-01-14T18:34:11.000000,2022-01-14T18:39:18.000000,3.0,0.92,5.5,2.45
id0,2022-01-14T18:49:08.000000,2022-01-14T18:54:08.000000,0.0,0.8,5.0,2.3
id5,2022-02-01T03:00:05.000000,2022-02-01T03:15:08.000000,3.0,2.62,12.0,0.0
